-- SELECT sig_classe, dsc_classe nom_classe FROM judiciario.classe WHERE flg_ativo = 'S' AND tip_categoria_classe IS NOT NULL;
Insert into AUTUACAO.CLASSE (SIG_CLASSE,NOM_CLASSE,TIP_PROCESSO) values ('RE','RECURSO EXTRAORDINÁRIO','RECURSAL');
Insert into AUTUACAO.CLASSE (SIG_CLASSE,NOM_CLASSE,TIP_PROCESSO) values ('ADI','AÇÃO DIRETA DE INCONSTITUCIONALIDADE','ORIGINARIO');
Insert into AUTUACAO.CLASSE (SIG_CLASSE,NOM_CLASSE,TIP_PROCESSO) values ('PPE','PRISÃO PREVENTIVA PARA EXTRADIÇÃO','ORIGINARIO');
Insert into AUTUACAO.CLASSE (SIG_CLASSE,NOM_CLASSE,TIP_PROCESSO) values ('ACO','AÇÃO CÍVEL ORIGINÁRIA','ORIGINARIO');
Insert into AUTUACAO.CLASSE (SIG_CLASSE,NOM_CLASSE,TIP_PROCESSO) values ('HD','HABEAS DATA','ORIGINARIO');
Insert into AUTUACAO.CLASSE (SIG_CLASSE,NOM_CLASSE,TIP_PROCESSO) values ('MS','MANDADO DE SEGURANÇA','ORIGINARIO');
Insert into AUTUACAO.CLASSE (SIG_CLASSE,NOM_CLASSE,TIP_PROCESSO) values ('AO','AÇÃO ORIGINÁRIA','ORIGINARIO');
Insert into AUTUACAO.CLASSE (SIG_CLASSE,NOM_CLASSE,TIP_PROCESSO) values ('RHD','RECURSO ORDINÁRIO EM HABEAS DATA','RECURSAL');
Insert into AUTUACAO.CLASSE (SIG_CLASSE,NOM_CLASSE,TIP_PROCESSO) values ('IF','INTERVENÇÃO FEDERAL','ORIGINARIO');
Insert into AUTUACAO.CLASSE (SIG_CLASSE,NOM_CLASSE,TIP_PROCESSO) values ('AR','AÇÃO RESCISÓRIA','ORIGINARIO');
Insert into AUTUACAO.CLASSE (SIG_CLASSE,NOM_CLASSE,TIP_PROCESSO) values ('EP','EXECUÇÃO PENAL','ORIGINARIO');
Insert into AUTUACAO.CLASSE (SIG_CLASSE,NOM_CLASSE,TIP_PROCESSO) values ('SS','SUSPENSÃO DE SEGURANÇA','ORIGINARIO');
Insert into AUTUACAO.CLASSE (SIG_CLASSE,NOM_CLASSE,TIP_PROCESSO) values ('CC','CONFLITO DE COMPETÊNCIA','ORIGINARIO');
Insert into AUTUACAO.CLASSE (SIG_CLASSE,NOM_CLASSE,TIP_PROCESSO) values ('AP','AÇÃO PENAL','ORIGINARIO');
Insert into AUTUACAO.CLASSE (SIG_CLASSE,NOM_CLASSE,TIP_PROCESSO) values ('OACO','OPOSIÇÃO EM AÇÃO CIVIL ORIGINÁRIA','ORIGINARIO');
Insert into AUTUACAO.CLASSE (SIG_CLASSE,NOM_CLASSE,TIP_PROCESSO) values ('ADC','AÇÃO DECLARATÓRIA DE CONSTITUCIONALIDADE','ORIGINARIO');
Insert into AUTUACAO.CLASSE (SIG_CLASSE,NOM_CLASSE,TIP_PROCESSO) values ('AOE','AÇÃO ORIGINÁRIA ESPECIAL','ORIGINARIO');
Insert into AUTUACAO.CLASSE (SIG_CLASSE,NOM_CLASSE,TIP_PROCESSO) values ('AS','ARGÜIÇÃO DE SUSPEIÇÃO','ORIGINARIO');
Insert into AUTUACAO.CLASSE (SIG_CLASSE,NOM_CLASSE,TIP_PROCESSO) values ('ADPF','ARGÜIÇÃO DE DESCUMPRIMENTO DE PRECEITO FUNDAMENTAL','ORIGINARIO');
Insert into AUTUACAO.CLASSE (SIG_CLASSE,NOM_CLASSE,TIP_PROCESSO) values ('RC','RECURSO CRIME','RECURSAL');
Insert into AUTUACAO.CLASSE (SIG_CLASSE,NOM_CLASSE,TIP_PROCESSO) values ('SL','SUSPENSÃO DE LIMINAR','ORIGINARIO');
Insert into AUTUACAO.CLASSE (SIG_CLASSE,NOM_CLASSE,TIP_PROCESSO) values ('Cm','COMUNICAÇÃO','ORIGINARIO');
Insert into AUTUACAO.CLASSE (SIG_CLASSE,NOM_CLASSE,TIP_PROCESSO) values ('Inq','INQUÉRITO','ORIGINARIO');
Insert into AUTUACAO.CLASSE (SIG_CLASSE,NOM_CLASSE,TIP_PROCESSO) values ('Pet','PETIÇÃO','ORIGINARIO');
Insert into AUTUACAO.CLASSE (SIG_CLASSE,NOM_CLASSE,TIP_PROCESSO) values ('STA','SUSPENSÃO DE TUTELA ANTECIPADA','ORIGINARIO');
Insert into AUTUACAO.CLASSE (SIG_CLASSE,NOM_CLASSE,TIP_PROCESSO) values ('ADO','AÇÃO DIRETA DE INCONSTITUCIONALIDADE POR OMISSÃO','ORIGINARIO');
Insert into AUTUACAO.CLASSE (SIG_CLASSE,NOM_CLASSE,TIP_PROCESSO) values ('PSV','PROPOSTA DE SÚMULA VINCULANTE','ORIGINARIO');
Insert into AUTUACAO.CLASSE (SIG_CLASSE,NOM_CLASSE,TIP_PROCESSO) values ('AImp','ARGÜIÇÃO DE IMPEDIMENTO','ORIGINARIO');
Insert into AUTUACAO.CLASSE (SIG_CLASSE,NOM_CLASSE,TIP_PROCESSO) values ('EL','EXCEÇÃO DE LITISPENDÊNCIA','ORIGINARIO');
Insert into AUTUACAO.CLASSE (SIG_CLASSE,NOM_CLASSE,TIP_PROCESSO) values ('EI','EXCEÇÃO DE INCOMPETÊNCIA','ORIGINARIO');
Insert into AUTUACAO.CLASSE (SIG_CLASSE,NOM_CLASSE,TIP_PROCESSO) values ('RHC','RECURSO ORDINÁRIO EM HABEAS CORPUS','RECURSAL');
Insert into AUTUACAO.CLASSE (SIG_CLASSE,NOM_CLASSE,TIP_PROCESSO) values ('HC','HABEAS CORPUS','ORIGINARIO');
Insert into AUTUACAO.CLASSE (SIG_CLASSE,NOM_CLASSE,TIP_PROCESSO) values ('Rcl','RECLAMAÇÃO','ORIGINARIO');
Insert into AUTUACAO.CLASSE (SIG_CLASSE,NOM_CLASSE,TIP_PROCESSO) values ('ARE','RECURSO EXTRAORDINÁRIO COM AGRAVO','RECURSAL');
Insert into AUTUACAO.CLASSE (SIG_CLASSE,NOM_CLASSE,TIP_PROCESSO) values ('Ext','EXTRADIÇÃO','ORIGINARIO');
Insert into AUTUACAO.CLASSE (SIG_CLASSE,NOM_CLASSE,TIP_PROCESSO) values ('AI','AGRAVO DE INSTRUMENTO','RECURSAL');
Insert into AUTUACAO.CLASSE (SIG_CLASSE,NOM_CLASSE,TIP_PROCESSO) values ('MI','MANDADO DE INJUNÇÃO','ORIGINARIO');
Insert into AUTUACAO.CLASSE (SIG_CLASSE,NOM_CLASSE,TIP_PROCESSO) values ('RMI','RECURSO ORDINÁRIO EM MANDADO DE INJUNÇÃO','RECURSAL');
Insert into AUTUACAO.CLASSE (SIG_CLASSE,NOM_CLASSE,TIP_PROCESSO) values ('AC','AÇÃO CAUTELAR','ORIGINARIO');
Insert into AUTUACAO.CLASSE (SIG_CLASSE,NOM_CLASSE,TIP_PROCESSO) values ('RMS','RECURSO ORD. EM MANDADO DE SEGURANÇA','RECURSAL');
Insert into AUTUACAO.CLASSE (SIG_CLASSE,NOM_CLASSE,TIP_PROCESSO) values ('RvC','REVISÃO CRIMINAL','ORIGINARIO');

-- SELECT seq_tipo_preferencia seq_preferencia, dsc_preferencia nom_preferencia FROM judiciario.tipo_preferencia WHERE seq_tipo_preferencia IN (SELECT seq_tipo_preferencia FROM judiciario.classe_tipo_preferencia WHERE flg_ativo = 'S' AND sig_classe IN (SELECT sig_classe FROM judiciario.classe WHERE flg_ativo = 'S' AND tip_categoria_classe IS NOT NULL));
Insert into AUTUACAO.PREFERENCIA (SEQ_PREFERENCIA,NOM_PREFERENCIA) values (3,'Eleitoral');
Insert into AUTUACAO.PREFERENCIA (SEQ_PREFERENCIA,NOM_PREFERENCIA) values (8,'Medida Liminar');
Insert into AUTUACAO.PREFERENCIA (SEQ_PREFERENCIA,NOM_PREFERENCIA) values (2,'Criminal');
Insert into AUTUACAO.PREFERENCIA (SEQ_PREFERENCIA,NOM_PREFERENCIA) values (1,'Maior de 60 anos ou portador de doença grave');
Insert into AUTUACAO.PREFERENCIA (SEQ_PREFERENCIA,NOM_PREFERENCIA) values (12,'Réu Preso');
Insert into AUTUACAO.PREFERENCIA (SEQ_PREFERENCIA,NOM_PREFERENCIA) values (15,'Assistência Judiciária Gratuita');

-- SELECT sig_classe, seq_tipo_preferencia seq_preferencia FROM judiciario.classe_tipo_preferencia WHERE flg_ativo = 'S' AND sig_classe IN (SELECT sig_classe FROM judiciario.classe WHERE flg_ativo = 'S' AND tip_categoria_classe IS NOT NULL);
Insert into AUTUACAO.CLASSE_PREFERENCIA (SIG_CLASSE,SEQ_PREFERENCIA) values ('RE','2');
Insert into AUTUACAO.CLASSE_PREFERENCIA (SIG_CLASSE,SEQ_PREFERENCIA) values ('RE','3');
Insert into AUTUACAO.CLASSE_PREFERENCIA (SIG_CLASSE,SEQ_PREFERENCIA) values ('RE','12');
Insert into AUTUACAO.CLASSE_PREFERENCIA (SIG_CLASSE,SEQ_PREFERENCIA) values ('RE','1');
Insert into AUTUACAO.CLASSE_PREFERENCIA (SIG_CLASSE,SEQ_PREFERENCIA) values ('RE','8');
Insert into AUTUACAO.CLASSE_PREFERENCIA (SIG_CLASSE,SEQ_PREFERENCIA) values ('RE','15');
Insert into AUTUACAO.CLASSE_PREFERENCIA (SIG_CLASSE,SEQ_PREFERENCIA) values ('ADI','3');
Insert into AUTUACAO.CLASSE_PREFERENCIA (SIG_CLASSE,SEQ_PREFERENCIA) values ('ADI','8');
Insert into AUTUACAO.CLASSE_PREFERENCIA (SIG_CLASSE,SEQ_PREFERENCIA) values ('PPE','2');
Insert into AUTUACAO.CLASSE_PREFERENCIA (SIG_CLASSE,SEQ_PREFERENCIA) values ('PPE','1');
Insert into AUTUACAO.CLASSE_PREFERENCIA (SIG_CLASSE,SEQ_PREFERENCIA) values ('ACO','2');
Insert into AUTUACAO.CLASSE_PREFERENCIA (SIG_CLASSE,SEQ_PREFERENCIA) values ('ACO','3');
Insert into AUTUACAO.CLASSE_PREFERENCIA (SIG_CLASSE,SEQ_PREFERENCIA) values ('ACO','12');
Insert into AUTUACAO.CLASSE_PREFERENCIA (SIG_CLASSE,SEQ_PREFERENCIA) values ('ACO','1');
Insert into AUTUACAO.CLASSE_PREFERENCIA (SIG_CLASSE,SEQ_PREFERENCIA) values ('ACO','8');
Insert into AUTUACAO.CLASSE_PREFERENCIA (SIG_CLASSE,SEQ_PREFERENCIA) values ('ACO','15');
Insert into AUTUACAO.CLASSE_PREFERENCIA (SIG_CLASSE,SEQ_PREFERENCIA) values ('HD','3');
Insert into AUTUACAO.CLASSE_PREFERENCIA (SIG_CLASSE,SEQ_PREFERENCIA) values ('HD','1');
Insert into AUTUACAO.CLASSE_PREFERENCIA (SIG_CLASSE,SEQ_PREFERENCIA) values ('HD','8');
Insert into AUTUACAO.CLASSE_PREFERENCIA (SIG_CLASSE,SEQ_PREFERENCIA) values ('MS','2');
Insert into AUTUACAO.CLASSE_PREFERENCIA (SIG_CLASSE,SEQ_PREFERENCIA) values ('MS','3');
Insert into AUTUACAO.CLASSE_PREFERENCIA (SIG_CLASSE,SEQ_PREFERENCIA) values ('MS','12');
Insert into AUTUACAO.CLASSE_PREFERENCIA (SIG_CLASSE,SEQ_PREFERENCIA) values ('MS','1');
Insert into AUTUACAO.CLASSE_PREFERENCIA (SIG_CLASSE,SEQ_PREFERENCIA) values ('MS','8');
Insert into AUTUACAO.CLASSE_PREFERENCIA (SIG_CLASSE,SEQ_PREFERENCIA) values ('MS','15');
Insert into AUTUACAO.CLASSE_PREFERENCIA (SIG_CLASSE,SEQ_PREFERENCIA) values ('AO','2');
Insert into AUTUACAO.CLASSE_PREFERENCIA (SIG_CLASSE,SEQ_PREFERENCIA) values ('AO','3');
Insert into AUTUACAO.CLASSE_PREFERENCIA (SIG_CLASSE,SEQ_PREFERENCIA) values ('AO','12');
Insert into AUTUACAO.CLASSE_PREFERENCIA (SIG_CLASSE,SEQ_PREFERENCIA) values ('AO','1');
Insert into AUTUACAO.CLASSE_PREFERENCIA (SIG_CLASSE,SEQ_PREFERENCIA) values ('AO','8');
Insert into AUTUACAO.CLASSE_PREFERENCIA (SIG_CLASSE,SEQ_PREFERENCIA) values ('AO','15');
Insert into AUTUACAO.CLASSE_PREFERENCIA (SIG_CLASSE,SEQ_PREFERENCIA) values ('RHD','3');
Insert into AUTUACAO.CLASSE_PREFERENCIA (SIG_CLASSE,SEQ_PREFERENCIA) values ('RHD','1');
Insert into AUTUACAO.CLASSE_PREFERENCIA (SIG_CLASSE,SEQ_PREFERENCIA) values ('RHD','8');
Insert into AUTUACAO.CLASSE_PREFERENCIA (SIG_CLASSE,SEQ_PREFERENCIA) values ('RHD','15');
Insert into AUTUACAO.CLASSE_PREFERENCIA (SIG_CLASSE,SEQ_PREFERENCIA) values ('IF','1');
Insert into AUTUACAO.CLASSE_PREFERENCIA (SIG_CLASSE,SEQ_PREFERENCIA) values ('IF','8');
Insert into AUTUACAO.CLASSE_PREFERENCIA (SIG_CLASSE,SEQ_PREFERENCIA) values ('AR','3');
Insert into AUTUACAO.CLASSE_PREFERENCIA (SIG_CLASSE,SEQ_PREFERENCIA) values ('AR','1');
Insert into AUTUACAO.CLASSE_PREFERENCIA (SIG_CLASSE,SEQ_PREFERENCIA) values ('AR','8');
Insert into AUTUACAO.CLASSE_PREFERENCIA (SIG_CLASSE,SEQ_PREFERENCIA) values ('AR','15');
Insert into AUTUACAO.CLASSE_PREFERENCIA (SIG_CLASSE,SEQ_PREFERENCIA) values ('EP','2');
Insert into AUTUACAO.CLASSE_PREFERENCIA (SIG_CLASSE,SEQ_PREFERENCIA) values ('EP','12');
Insert into AUTUACAO.CLASSE_PREFERENCIA (SIG_CLASSE,SEQ_PREFERENCIA) values ('EP','1');
Insert into AUTUACAO.CLASSE_PREFERENCIA (SIG_CLASSE,SEQ_PREFERENCIA) values ('SS','3');
Insert into AUTUACAO.CLASSE_PREFERENCIA (SIG_CLASSE,SEQ_PREFERENCIA) values ('SS','12');
Insert into AUTUACAO.CLASSE_PREFERENCIA (SIG_CLASSE,SEQ_PREFERENCIA) values ('SS','1');
Insert into AUTUACAO.CLASSE_PREFERENCIA (SIG_CLASSE,SEQ_PREFERENCIA) values ('SS','8');
Insert into AUTUACAO.CLASSE_PREFERENCIA (SIG_CLASSE,SEQ_PREFERENCIA) values ('SS','15');
Insert into AUTUACAO.CLASSE_PREFERENCIA (SIG_CLASSE,SEQ_PREFERENCIA) values ('CC','1');
Insert into AUTUACAO.CLASSE_PREFERENCIA (SIG_CLASSE,SEQ_PREFERENCIA) values ('CC','8');
Insert into AUTUACAO.CLASSE_PREFERENCIA (SIG_CLASSE,SEQ_PREFERENCIA) values ('AP','2');
Insert into AUTUACAO.CLASSE_PREFERENCIA (SIG_CLASSE,SEQ_PREFERENCIA) values ('AP','3');
Insert into AUTUACAO.CLASSE_PREFERENCIA (SIG_CLASSE,SEQ_PREFERENCIA) values ('AP','12');
Insert into AUTUACAO.CLASSE_PREFERENCIA (SIG_CLASSE,SEQ_PREFERENCIA) values ('AP','1');
Insert into AUTUACAO.CLASSE_PREFERENCIA (SIG_CLASSE,SEQ_PREFERENCIA) values ('AP','15');
Insert into AUTUACAO.CLASSE_PREFERENCIA (SIG_CLASSE,SEQ_PREFERENCIA) values ('ADC','3');
Insert into AUTUACAO.CLASSE_PREFERENCIA (SIG_CLASSE,SEQ_PREFERENCIA) values ('ADC','8');
Insert into AUTUACAO.CLASSE_PREFERENCIA (SIG_CLASSE,SEQ_PREFERENCIA) values ('AOE','1');
Insert into AUTUACAO.CLASSE_PREFERENCIA (SIG_CLASSE,SEQ_PREFERENCIA) values ('AOE','8');
Insert into AUTUACAO.CLASSE_PREFERENCIA (SIG_CLASSE,SEQ_PREFERENCIA) values ('AOE','15');
Insert into AUTUACAO.CLASSE_PREFERENCIA (SIG_CLASSE,SEQ_PREFERENCIA) values ('AS','2');
Insert into AUTUACAO.CLASSE_PREFERENCIA (SIG_CLASSE,SEQ_PREFERENCIA) values ('AS','3');
Insert into AUTUACAO.CLASSE_PREFERENCIA (SIG_CLASSE,SEQ_PREFERENCIA) values ('AS','1');
Insert into AUTUACAO.CLASSE_PREFERENCIA (SIG_CLASSE,SEQ_PREFERENCIA) values ('AS','8');
Insert into AUTUACAO.CLASSE_PREFERENCIA (SIG_CLASSE,SEQ_PREFERENCIA) values ('ADPF','3');
Insert into AUTUACAO.CLASSE_PREFERENCIA (SIG_CLASSE,SEQ_PREFERENCIA) values ('ADPF','8');
Insert into AUTUACAO.CLASSE_PREFERENCIA (SIG_CLASSE,SEQ_PREFERENCIA) values ('SL','2');
Insert into AUTUACAO.CLASSE_PREFERENCIA (SIG_CLASSE,SEQ_PREFERENCIA) values ('SL','3');
Insert into AUTUACAO.CLASSE_PREFERENCIA (SIG_CLASSE,SEQ_PREFERENCIA) values ('SL','12');
Insert into AUTUACAO.CLASSE_PREFERENCIA (SIG_CLASSE,SEQ_PREFERENCIA) values ('SL','1');
Insert into AUTUACAO.CLASSE_PREFERENCIA (SIG_CLASSE,SEQ_PREFERENCIA) values ('SL','8');
Insert into AUTUACAO.CLASSE_PREFERENCIA (SIG_CLASSE,SEQ_PREFERENCIA) values ('SL','15');
Insert into AUTUACAO.CLASSE_PREFERENCIA (SIG_CLASSE,SEQ_PREFERENCIA) values ('Cm','2');
Insert into AUTUACAO.CLASSE_PREFERENCIA (SIG_CLASSE,SEQ_PREFERENCIA) values ('Cm','1');
Insert into AUTUACAO.CLASSE_PREFERENCIA (SIG_CLASSE,SEQ_PREFERENCIA) values ('Cm','8');
Insert into AUTUACAO.CLASSE_PREFERENCIA (SIG_CLASSE,SEQ_PREFERENCIA) values ('Inq','2');
Insert into AUTUACAO.CLASSE_PREFERENCIA (SIG_CLASSE,SEQ_PREFERENCIA) values ('Inq','12');
Insert into AUTUACAO.CLASSE_PREFERENCIA (SIG_CLASSE,SEQ_PREFERENCIA) values ('Inq','1');
Insert into AUTUACAO.CLASSE_PREFERENCIA (SIG_CLASSE,SEQ_PREFERENCIA) values ('Inq','15');
Insert into AUTUACAO.CLASSE_PREFERENCIA (SIG_CLASSE,SEQ_PREFERENCIA) values ('Pet','2');
Insert into AUTUACAO.CLASSE_PREFERENCIA (SIG_CLASSE,SEQ_PREFERENCIA) values ('Pet','3');
Insert into AUTUACAO.CLASSE_PREFERENCIA (SIG_CLASSE,SEQ_PREFERENCIA) values ('Pet','12');
Insert into AUTUACAO.CLASSE_PREFERENCIA (SIG_CLASSE,SEQ_PREFERENCIA) values ('Pet','1');
Insert into AUTUACAO.CLASSE_PREFERENCIA (SIG_CLASSE,SEQ_PREFERENCIA) values ('Pet','8');
Insert into AUTUACAO.CLASSE_PREFERENCIA (SIG_CLASSE,SEQ_PREFERENCIA) values ('Pet','15');
Insert into AUTUACAO.CLASSE_PREFERENCIA (SIG_CLASSE,SEQ_PREFERENCIA) values ('STA','3');
Insert into AUTUACAO.CLASSE_PREFERENCIA (SIG_CLASSE,SEQ_PREFERENCIA) values ('STA','12');
Insert into AUTUACAO.CLASSE_PREFERENCIA (SIG_CLASSE,SEQ_PREFERENCIA) values ('STA','1');
Insert into AUTUACAO.CLASSE_PREFERENCIA (SIG_CLASSE,SEQ_PREFERENCIA) values ('STA','8');
Insert into AUTUACAO.CLASSE_PREFERENCIA (SIG_CLASSE,SEQ_PREFERENCIA) values ('STA','15');
Insert into AUTUACAO.CLASSE_PREFERENCIA (SIG_CLASSE,SEQ_PREFERENCIA) values ('ADO','3');
Insert into AUTUACAO.CLASSE_PREFERENCIA (SIG_CLASSE,SEQ_PREFERENCIA) values ('ADO','8');
Insert into AUTUACAO.CLASSE_PREFERENCIA (SIG_CLASSE,SEQ_PREFERENCIA) values ('PSV','3');
Insert into AUTUACAO.CLASSE_PREFERENCIA (SIG_CLASSE,SEQ_PREFERENCIA) values ('AImp','2');
Insert into AUTUACAO.CLASSE_PREFERENCIA (SIG_CLASSE,SEQ_PREFERENCIA) values ('AImp','3');
Insert into AUTUACAO.CLASSE_PREFERENCIA (SIG_CLASSE,SEQ_PREFERENCIA) values ('AImp','1');
Insert into AUTUACAO.CLASSE_PREFERENCIA (SIG_CLASSE,SEQ_PREFERENCIA) values ('AImp','8');
Insert into AUTUACAO.CLASSE_PREFERENCIA (SIG_CLASSE,SEQ_PREFERENCIA) values ('EL','2');
Insert into AUTUACAO.CLASSE_PREFERENCIA (SIG_CLASSE,SEQ_PREFERENCIA) values ('EL','3');
Insert into AUTUACAO.CLASSE_PREFERENCIA (SIG_CLASSE,SEQ_PREFERENCIA) values ('EL','1');
Insert into AUTUACAO.CLASSE_PREFERENCIA (SIG_CLASSE,SEQ_PREFERENCIA) values ('EL','8');
Insert into AUTUACAO.CLASSE_PREFERENCIA (SIG_CLASSE,SEQ_PREFERENCIA) values ('EI','2');
Insert into AUTUACAO.CLASSE_PREFERENCIA (SIG_CLASSE,SEQ_PREFERENCIA) values ('EI','3');
Insert into AUTUACAO.CLASSE_PREFERENCIA (SIG_CLASSE,SEQ_PREFERENCIA) values ('EI','1');
Insert into AUTUACAO.CLASSE_PREFERENCIA (SIG_CLASSE,SEQ_PREFERENCIA) values ('EI','8');
Insert into AUTUACAO.CLASSE_PREFERENCIA (SIG_CLASSE,SEQ_PREFERENCIA) values ('RHC','2');
Insert into AUTUACAO.CLASSE_PREFERENCIA (SIG_CLASSE,SEQ_PREFERENCIA) values ('RHC','3');
Insert into AUTUACAO.CLASSE_PREFERENCIA (SIG_CLASSE,SEQ_PREFERENCIA) values ('RHC','12');
Insert into AUTUACAO.CLASSE_PREFERENCIA (SIG_CLASSE,SEQ_PREFERENCIA) values ('RHC','1');
Insert into AUTUACAO.CLASSE_PREFERENCIA (SIG_CLASSE,SEQ_PREFERENCIA) values ('RHC','8');
Insert into AUTUACAO.CLASSE_PREFERENCIA (SIG_CLASSE,SEQ_PREFERENCIA) values ('RHC','15');
Insert into AUTUACAO.CLASSE_PREFERENCIA (SIG_CLASSE,SEQ_PREFERENCIA) values ('HC','2');
Insert into AUTUACAO.CLASSE_PREFERENCIA (SIG_CLASSE,SEQ_PREFERENCIA) values ('HC','12');
Insert into AUTUACAO.CLASSE_PREFERENCIA (SIG_CLASSE,SEQ_PREFERENCIA) values ('HC','1');
Insert into AUTUACAO.CLASSE_PREFERENCIA (SIG_CLASSE,SEQ_PREFERENCIA) values ('HC','8');
Insert into AUTUACAO.CLASSE_PREFERENCIA (SIG_CLASSE,SEQ_PREFERENCIA) values ('Rcl','2');
Insert into AUTUACAO.CLASSE_PREFERENCIA (SIG_CLASSE,SEQ_PREFERENCIA) values ('Rcl','3');
Insert into AUTUACAO.CLASSE_PREFERENCIA (SIG_CLASSE,SEQ_PREFERENCIA) values ('Rcl','12');
Insert into AUTUACAO.CLASSE_PREFERENCIA (SIG_CLASSE,SEQ_PREFERENCIA) values ('Rcl','1');
Insert into AUTUACAO.CLASSE_PREFERENCIA (SIG_CLASSE,SEQ_PREFERENCIA) values ('Rcl','8');
Insert into AUTUACAO.CLASSE_PREFERENCIA (SIG_CLASSE,SEQ_PREFERENCIA) values ('Rcl','15');
Insert into AUTUACAO.CLASSE_PREFERENCIA (SIG_CLASSE,SEQ_PREFERENCIA) values ('ARE','2');
Insert into AUTUACAO.CLASSE_PREFERENCIA (SIG_CLASSE,SEQ_PREFERENCIA) values ('ARE','3');
Insert into AUTUACAO.CLASSE_PREFERENCIA (SIG_CLASSE,SEQ_PREFERENCIA) values ('ARE','12');
Insert into AUTUACAO.CLASSE_PREFERENCIA (SIG_CLASSE,SEQ_PREFERENCIA) values ('ARE','1');
Insert into AUTUACAO.CLASSE_PREFERENCIA (SIG_CLASSE,SEQ_PREFERENCIA) values ('ARE','8');
Insert into AUTUACAO.CLASSE_PREFERENCIA (SIG_CLASSE,SEQ_PREFERENCIA) values ('ARE','15');
Insert into AUTUACAO.CLASSE_PREFERENCIA (SIG_CLASSE,SEQ_PREFERENCIA) values ('Ext','2');
Insert into AUTUACAO.CLASSE_PREFERENCIA (SIG_CLASSE,SEQ_PREFERENCIA) values ('Ext','12');
Insert into AUTUACAO.CLASSE_PREFERENCIA (SIG_CLASSE,SEQ_PREFERENCIA) values ('Ext','1');
Insert into AUTUACAO.CLASSE_PREFERENCIA (SIG_CLASSE,SEQ_PREFERENCIA) values ('AI','2');
Insert into AUTUACAO.CLASSE_PREFERENCIA (SIG_CLASSE,SEQ_PREFERENCIA) values ('AI','3');
Insert into AUTUACAO.CLASSE_PREFERENCIA (SIG_CLASSE,SEQ_PREFERENCIA) values ('AI','12');
Insert into AUTUACAO.CLASSE_PREFERENCIA (SIG_CLASSE,SEQ_PREFERENCIA) values ('AI','1');
Insert into AUTUACAO.CLASSE_PREFERENCIA (SIG_CLASSE,SEQ_PREFERENCIA) values ('AI','8');
Insert into AUTUACAO.CLASSE_PREFERENCIA (SIG_CLASSE,SEQ_PREFERENCIA) values ('AI','15');
Insert into AUTUACAO.CLASSE_PREFERENCIA (SIG_CLASSE,SEQ_PREFERENCIA) values ('MI','1');
Insert into AUTUACAO.CLASSE_PREFERENCIA (SIG_CLASSE,SEQ_PREFERENCIA) values ('MI','8');
Insert into AUTUACAO.CLASSE_PREFERENCIA (SIG_CLASSE,SEQ_PREFERENCIA) values ('RMI','3');
Insert into AUTUACAO.CLASSE_PREFERENCIA (SIG_CLASSE,SEQ_PREFERENCIA) values ('RMI','1');
Insert into AUTUACAO.CLASSE_PREFERENCIA (SIG_CLASSE,SEQ_PREFERENCIA) values ('RMI','8');
Insert into AUTUACAO.CLASSE_PREFERENCIA (SIG_CLASSE,SEQ_PREFERENCIA) values ('RMI','15');
Insert into AUTUACAO.CLASSE_PREFERENCIA (SIG_CLASSE,SEQ_PREFERENCIA) values ('AC','2');
Insert into AUTUACAO.CLASSE_PREFERENCIA (SIG_CLASSE,SEQ_PREFERENCIA) values ('AC','3');
Insert into AUTUACAO.CLASSE_PREFERENCIA (SIG_CLASSE,SEQ_PREFERENCIA) values ('AC','12');
Insert into AUTUACAO.CLASSE_PREFERENCIA (SIG_CLASSE,SEQ_PREFERENCIA) values ('AC','1');
Insert into AUTUACAO.CLASSE_PREFERENCIA (SIG_CLASSE,SEQ_PREFERENCIA) values ('AC','8');
Insert into AUTUACAO.CLASSE_PREFERENCIA (SIG_CLASSE,SEQ_PREFERENCIA) values ('AC','15');
Insert into AUTUACAO.CLASSE_PREFERENCIA (SIG_CLASSE,SEQ_PREFERENCIA) values ('RMS','2');
Insert into AUTUACAO.CLASSE_PREFERENCIA (SIG_CLASSE,SEQ_PREFERENCIA) values ('RMS','3');
Insert into AUTUACAO.CLASSE_PREFERENCIA (SIG_CLASSE,SEQ_PREFERENCIA) values ('RMS','1');
Insert into AUTUACAO.CLASSE_PREFERENCIA (SIG_CLASSE,SEQ_PREFERENCIA) values ('RMS','8');
Insert into AUTUACAO.CLASSE_PREFERENCIA (SIG_CLASSE,SEQ_PREFERENCIA) values ('RMS','15');
Insert into AUTUACAO.CLASSE_PREFERENCIA (SIG_CLASSE,SEQ_PREFERENCIA) values ('RvC','2');
Insert into AUTUACAO.CLASSE_PREFERENCIA (SIG_CLASSE,SEQ_PREFERENCIA) values ('RvC','3');
Insert into AUTUACAO.CLASSE_PREFERENCIA (SIG_CLASSE,SEQ_PREFERENCIA) values ('RvC','12');
Insert into AUTUACAO.CLASSE_PREFERENCIA (SIG_CLASSE,SEQ_PREFERENCIA) values ('RvC','1');
Insert into AUTUACAO.CLASSE_PREFERENCIA (SIG_CLASSE,SEQ_PREFERENCIA) values ('RvC','8');
Insert into AUTUACAO.CLASSE_PREFERENCIA (SIG_CLASSE,SEQ_PREFERENCIA) values ('RvC','15');

-- SELECT cod_tipo_peca_processual seq_tipo_documento, dsc_tipo_peca_processual nom_tipo_documento FROM judiciario.tipo_peca_processual WHERE flg_ativo = 'S' AND EXISTS (SELECT 1 FROM judiciario.tipo_peca_processual_classe WHERE flg_admite_peticionador_web = 'S' AND sig_classe IN (SELECT sig_classe FROM judiciario.classe WHERE flg_ativo = 'S' AND tip_categoria_classe IS NOT NULL));
Insert into AUTUACAO.TIPO_PECA (SEQ_TIPO_DOCUMENTO,NOM_TIPO_DOCUMENTO) values (98,'Movimento Processual');
Insert into AUTUACAO.TIPO_PECA (SEQ_TIPO_DOCUMENTO,NOM_TIPO_DOCUMENTO) values (99,'Manifestação da AGU');
Insert into AUTUACAO.TIPO_PECA (SEQ_TIPO_DOCUMENTO,NOM_TIPO_DOCUMENTO) values (100,'Informação');
Insert into AUTUACAO.TIPO_PECA (SEQ_TIPO_DOCUMENTO,NOM_TIPO_DOCUMENTO) values (101,'Petição inicial');
Insert into AUTUACAO.TIPO_PECA (SEQ_TIPO_DOCUMENTO,NOM_TIPO_DOCUMENTO) values (1325,'Queixa / Denúncia');
Insert into AUTUACAO.TIPO_PECA (SEQ_TIPO_DOCUMENTO,NOM_TIPO_DOCUMENTO) values (1408,'Resposta à acusação');
Insert into AUTUACAO.TIPO_PECA (SEQ_TIPO_DOCUMENTO,NOM_TIPO_DOCUMENTO) values (1409,'Resposta do réu');
Insert into AUTUACAO.TIPO_PECA (SEQ_TIPO_DOCUMENTO,NOM_TIPO_DOCUMENTO) values (102,'Manifestação da Comissão de Jurisprudência');
Insert into AUTUACAO.TIPO_PECA (SEQ_TIPO_DOCUMENTO,NOM_TIPO_DOCUMENTO) values (103,'Manifestação');
Insert into AUTUACAO.TIPO_PECA (SEQ_TIPO_DOCUMENTO,NOM_TIPO_DOCUMENTO) values (107,'Edital');
Insert into AUTUACAO.TIPO_PECA (SEQ_TIPO_DOCUMENTO,NOM_TIPO_DOCUMENTO) values (109,'Alvará');
Insert into AUTUACAO.TIPO_PECA (SEQ_TIPO_DOCUMENTO,NOM_TIPO_DOCUMENTO) values (1060,'Despacho');
Insert into AUTUACAO.TIPO_PECA (SEQ_TIPO_DOCUMENTO,NOM_TIPO_DOCUMENTO) values (1068,'Manifestação sobre proposta de súmula vinculante');
Insert into AUTUACAO.TIPO_PECA (SEQ_TIPO_DOCUMENTO,NOM_TIPO_DOCUMENTO) values (1221,'Inteiro teor do acórdão');
Insert into AUTUACAO.TIPO_PECA (SEQ_TIPO_DOCUMENTO,NOM_TIPO_DOCUMENTO) values (1270,'Manifestação sobre a repercussão geral');
Insert into AUTUACAO.TIPO_PECA (SEQ_TIPO_DOCUMENTO,NOM_TIPO_DOCUMENTO) values (1272,'Relatório');
Insert into AUTUACAO.TIPO_PECA (SEQ_TIPO_DOCUMENTO,NOM_TIPO_DOCUMENTO) values (1273,'Extrato de ata');
Insert into AUTUACAO.TIPO_PECA (SEQ_TIPO_DOCUMENTO,NOM_TIPO_DOCUMENTO) values (1274,'Documento comprobatório');
Insert into AUTUACAO.TIPO_PECA (SEQ_TIPO_DOCUMENTO,NOM_TIPO_DOCUMENTO) values (1327,'Custas');
Insert into AUTUACAO.TIPO_PECA (SEQ_TIPO_DOCUMENTO,NOM_TIPO_DOCUMENTO) values (1333,'Contestação');
Insert into AUTUACAO.TIPO_PECA (SEQ_TIPO_DOCUMENTO,NOM_TIPO_DOCUMENTO) values (1337,'Cópia do ato normativo ou lei impugnada');
Insert into AUTUACAO.TIPO_PECA (SEQ_TIPO_DOCUMENTO,NOM_TIPO_DOCUMENTO) values (1341,'Decisão rescindenda');
Insert into AUTUACAO.TIPO_PECA (SEQ_TIPO_DOCUMENTO,NOM_TIPO_DOCUMENTO) values (1344,'Alegações finais');
Insert into AUTUACAO.TIPO_PECA (SEQ_TIPO_DOCUMENTO,NOM_TIPO_DOCUMENTO) values (1346,'Ato coator');
Insert into AUTUACAO.TIPO_PECA (SEQ_TIPO_DOCUMENTO,NOM_TIPO_DOCUMENTO) values (1349,'Decisão ou ato reclamado');
Insert into AUTUACAO.TIPO_PECA (SEQ_TIPO_DOCUMENTO,NOM_TIPO_DOCUMENTO) values (1354,'Decisão impugnada');
Insert into AUTUACAO.TIPO_PECA (SEQ_TIPO_DOCUMENTO,NOM_TIPO_DOCUMENTO) values (1277,'Recibo de petição eletrônica');
Insert into AUTUACAO.TIPO_PECA (SEQ_TIPO_DOCUMENTO,NOM_TIPO_DOCUMENTO) values (1280,'Comunicação assinada');
Insert into AUTUACAO.TIPO_PECA (SEQ_TIPO_DOCUMENTO,NOM_TIPO_DOCUMENTO) values (1324,'Sentença');
Insert into AUTUACAO.TIPO_PECA (SEQ_TIPO_DOCUMENTO,NOM_TIPO_DOCUMENTO) values (1411,'Recursos para segunda instância');
Insert into AUTUACAO.TIPO_PECA (SEQ_TIPO_DOCUMENTO,NOM_TIPO_DOCUMENTO) values (1326,'Contrarrazões do recurso');
Insert into AUTUACAO.TIPO_PECA (SEQ_TIPO_DOCUMENTO,NOM_TIPO_DOCUMENTO) values (1415,'Recursos para Tribunais Superiores');
Insert into AUTUACAO.TIPO_PECA (SEQ_TIPO_DOCUMENTO,NOM_TIPO_DOCUMENTO) values (1416,'Certidão de não interposição de recurso a Tribunal Superior');
Insert into AUTUACAO.TIPO_PECA (SEQ_TIPO_DOCUMENTO,NOM_TIPO_DOCUMENTO) values (1417,'Decisões Tribunais Superiores');
Insert into AUTUACAO.TIPO_PECA (SEQ_TIPO_DOCUMENTO,NOM_TIPO_DOCUMENTO) values (1418,'Decisão monocrática Tribunal Superior');
Insert into AUTUACAO.TIPO_PECA (SEQ_TIPO_DOCUMENTO,NOM_TIPO_DOCUMENTO) values (1419,'Acórdão Tribunal Superior');
Insert into AUTUACAO.TIPO_PECA (SEQ_TIPO_DOCUMENTO,NOM_TIPO_DOCUMENTO) values (1430,'Decisão de admissibilidade do recurso extraordinário');
Insert into AUTUACAO.TIPO_PECA (SEQ_TIPO_DOCUMENTO,NOM_TIPO_DOCUMENTO) values (1422,'Outras peças');
Insert into AUTUACAO.TIPO_PECA (SEQ_TIPO_DOCUMENTO,NOM_TIPO_DOCUMENTO) values (1423,'Decisão interlocutória');
Insert into AUTUACAO.TIPO_PECA (SEQ_TIPO_DOCUMENTO,NOM_TIPO_DOCUMENTO) values (1424,'Gratuidade de justiça');
Insert into AUTUACAO.TIPO_PECA (SEQ_TIPO_DOCUMENTO,NOM_TIPO_DOCUMENTO) values (1425,'Mandado');
Insert into AUTUACAO.TIPO_PECA (SEQ_TIPO_DOCUMENTO,NOM_TIPO_DOCUMENTO) values (1426,'Carta');
Insert into AUTUACAO.TIPO_PECA (SEQ_TIPO_DOCUMENTO,NOM_TIPO_DOCUMENTO) values (1427,'Termo de Audiência');
Insert into AUTUACAO.TIPO_PECA (SEQ_TIPO_DOCUMENTO,NOM_TIPO_DOCUMENTO) values (1428,'Fax');
Insert into AUTUACAO.TIPO_PECA (SEQ_TIPO_DOCUMENTO,NOM_TIPO_DOCUMENTO) values (1429,'Íntegra da Movimentação Processual');
Insert into AUTUACAO.TIPO_PECA (SEQ_TIPO_DOCUMENTO,NOM_TIPO_DOCUMENTO) values (1468,'Ato ordinatório');
Insert into AUTUACAO.TIPO_PECA (SEQ_TIPO_DOCUMENTO,NOM_TIPO_DOCUMENTO) values (1469,'Carta de ordem');
Insert into AUTUACAO.TIPO_PECA (SEQ_TIPO_DOCUMENTO,NOM_TIPO_DOCUMENTO) values (1470,'Precatório');
Insert into AUTUACAO.TIPO_PECA (SEQ_TIPO_DOCUMENTO,NOM_TIPO_DOCUMENTO) values (1488,'Carta de Sentença');
Insert into AUTUACAO.TIPO_PECA (SEQ_TIPO_DOCUMENTO,NOM_TIPO_DOCUMENTO) values (1489,'Acórdão Condenatório');
Insert into AUTUACAO.TIPO_PECA (SEQ_TIPO_DOCUMENTO,NOM_TIPO_DOCUMENTO) values (1508,'Denúncia');
Insert into AUTUACAO.TIPO_PECA (SEQ_TIPO_DOCUMENTO,NOM_TIPO_DOCUMENTO) values (1509,'Interrogatório');
Insert into AUTUACAO.TIPO_PECA (SEQ_TIPO_DOCUMENTO,NOM_TIPO_DOCUMENTO) values (1,'Procurações e substabelecimentos');
Insert into AUTUACAO.TIPO_PECA (SEQ_TIPO_DOCUMENTO,NOM_TIPO_DOCUMENTO) values (8,'Certidão de intimação/publicação do acórdão ou da decisão recorrida');
Insert into AUTUACAO.TIPO_PECA (SEQ_TIPO_DOCUMENTO,NOM_TIPO_DOCUMENTO) values (1431,'Recurso Extraordinário');
Insert into AUTUACAO.TIPO_PECA (SEQ_TIPO_DOCUMENTO,NOM_TIPO_DOCUMENTO) values (12,'Petição de recurso extraordinário');
Insert into AUTUACAO.TIPO_PECA (SEQ_TIPO_DOCUMENTO,NOM_TIPO_DOCUMENTO) values (13,'Contrarrazões do recurso extraordinário');
Insert into AUTUACAO.TIPO_PECA (SEQ_TIPO_DOCUMENTO,NOM_TIPO_DOCUMENTO) values (14,'Certidão de não apresentação de contrarrazões do recurso extraordinário');
Insert into AUTUACAO.TIPO_PECA (SEQ_TIPO_DOCUMENTO,NOM_TIPO_DOCUMENTO) values (50,'Petição de agravo de instrumento');
Insert into AUTUACAO.TIPO_PECA (SEQ_TIPO_DOCUMENTO,NOM_TIPO_DOCUMENTO) values (1420,'Petição de agravo (Lei 12.322/2010)');
Insert into AUTUACAO.TIPO_PECA (SEQ_TIPO_DOCUMENTO,NOM_TIPO_DOCUMENTO) values (1421,'Comprovante de recolhimento do preparo');
Insert into AUTUACAO.TIPO_PECA (SEQ_TIPO_DOCUMENTO,NOM_TIPO_DOCUMENTO) values (26,'Petição');
Insert into AUTUACAO.TIPO_PECA (SEQ_TIPO_DOCUMENTO,NOM_TIPO_DOCUMENTO) values (31,'Voto');
Insert into AUTUACAO.TIPO_PECA (SEQ_TIPO_DOCUMENTO,NOM_TIPO_DOCUMENTO) values (33,'RECURSO');
Insert into AUTUACAO.TIPO_PECA (SEQ_TIPO_DOCUMENTO,NOM_TIPO_DOCUMENTO) values (46,'Certidão de julgamento');
Insert into AUTUACAO.TIPO_PECA (SEQ_TIPO_DOCUMENTO,NOM_TIPO_DOCUMENTO) values (48,'Decisões primeiro grau');
Insert into AUTUACAO.TIPO_PECA (SEQ_TIPO_DOCUMENTO,NOM_TIPO_DOCUMENTO) values (1410,'Pronúncia / impronúncia');
Insert into AUTUACAO.TIPO_PECA (SEQ_TIPO_DOCUMENTO,NOM_TIPO_DOCUMENTO) values (49,'Decisões segundo grau');
Insert into AUTUACAO.TIPO_PECA (SEQ_TIPO_DOCUMENTO,NOM_TIPO_DOCUMENTO) values (29,'Decisão de admissibilidade');
Insert into AUTUACAO.TIPO_PECA (SEQ_TIPO_DOCUMENTO,NOM_TIPO_DOCUMENTO) values (1412,'Decisão monocrática segundo grau');
Insert into AUTUACAO.TIPO_PECA (SEQ_TIPO_DOCUMENTO,NOM_TIPO_DOCUMENTO) values (1413,'Acórdão segundo grau');
Insert into AUTUACAO.TIPO_PECA (SEQ_TIPO_DOCUMENTO,NOM_TIPO_DOCUMENTO) values (1414,'Decisão de admissibilidade do recurso para Tribunal Superior');
Insert into AUTUACAO.TIPO_PECA (SEQ_TIPO_DOCUMENTO,NOM_TIPO_DOCUMENTO) values (60,'VOLUME');
Insert into AUTUACAO.TIPO_PECA (SEQ_TIPO_DOCUMENTO,NOM_TIPO_DOCUMENTO) values (70,'Certidão de publicação');
Insert into AUTUACAO.TIPO_PECA (SEQ_TIPO_DOCUMENTO,NOM_TIPO_DOCUMENTO) values (80,'Intimação');
Insert into AUTUACAO.TIPO_PECA (SEQ_TIPO_DOCUMENTO,NOM_TIPO_DOCUMENTO) values (81,'Ofício');
Insert into AUTUACAO.TIPO_PECA (SEQ_TIPO_DOCUMENTO,NOM_TIPO_DOCUMENTO) values (84,'Certidão de trânsito em julgado');
Insert into AUTUACAO.TIPO_PECA (SEQ_TIPO_DOCUMENTO,NOM_TIPO_DOCUMENTO) values (86,'Termo de baixa');
Insert into AUTUACAO.TIPO_PECA (SEQ_TIPO_DOCUMENTO,NOM_TIPO_DOCUMENTO) values (89,'Apenso');
Insert into AUTUACAO.TIPO_PECA (SEQ_TIPO_DOCUMENTO,NOM_TIPO_DOCUMENTO) values (90,'Juntada por linha');
Insert into AUTUACAO.TIPO_PECA (SEQ_TIPO_DOCUMENTO,NOM_TIPO_DOCUMENTO) values (91,'Manifestação da PGR');
Insert into AUTUACAO.TIPO_PECA (SEQ_TIPO_DOCUMENTO,NOM_TIPO_DOCUMENTO) values (93,'Termo de remessa');
Insert into AUTUACAO.TIPO_PECA (SEQ_TIPO_DOCUMENTO,NOM_TIPO_DOCUMENTO) values (95,'Certidão');
Insert into AUTUACAO.TIPO_PECA (SEQ_TIPO_DOCUMENTO,NOM_TIPO_DOCUMENTO) values (97,'Aviso de recebimento');

-- SELECT seq_pais, nom_pais FROM corp.pais WHERE flg_ativo = 'S' AND seq_pais NOT IN (347,246,392);
Insert into AUTUACAO.PAIS (SEQ_PAIS,NOM_PAIS) values ('2','ANDORRA');
Insert into AUTUACAO.PAIS (SEQ_PAIS,NOM_PAIS) values ('6','ANGUILA');
Insert into AUTUACAO.PAIS (SEQ_PAIS,NOM_PAIS) values ('7','ALBÂNIA');
Insert into AUTUACAO.PAIS (SEQ_PAIS,NOM_PAIS) values ('8','ARMÊNIA');
Insert into AUTUACAO.PAIS (SEQ_PAIS,NOM_PAIS) values ('9','ANTILHAS HOLANDESAS');
Insert into AUTUACAO.PAIS (SEQ_PAIS,NOM_PAIS) values ('10','ANTÁRTIDA');
Insert into AUTUACAO.PAIS (SEQ_PAIS,NOM_PAIS) values ('13','ÁUSTRIA');
Insert into AUTUACAO.PAIS (SEQ_PAIS,NOM_PAIS) values ('15','ARUBA');
Insert into AUTUACAO.PAIS (SEQ_PAIS,NOM_PAIS) values ('17','BÓSNIA­HERZEGOVINA');
Insert into AUTUACAO.PAIS (SEQ_PAIS,NOM_PAIS) values ('18','BARBADOS');
Insert into AUTUACAO.PAIS (SEQ_PAIS,NOM_PAIS) values ('20','BÉLGICA');
Insert into AUTUACAO.PAIS (SEQ_PAIS,NOM_PAIS) values ('21','BURQUINA FASO');
Insert into AUTUACAO.PAIS (SEQ_PAIS,NOM_PAIS) values ('23','BAHREIN');
Insert into AUTUACAO.PAIS (SEQ_PAIS,NOM_PAIS) values ('25','BENIM');
Insert into AUTUACAO.PAIS (SEQ_PAIS,NOM_PAIS) values ('26','BERMUDAS');
Insert into AUTUACAO.PAIS (SEQ_PAIS,NOM_PAIS) values ('27','BRUNEI');
Insert into AUTUACAO.PAIS (SEQ_PAIS,NOM_PAIS) values ('30','BAHAMAS');
Insert into AUTUACAO.PAIS (SEQ_PAIS,NOM_PAIS) values ('32','ILHA BOUVET');
Insert into AUTUACAO.PAIS (SEQ_PAIS,NOM_PAIS) values ('34','BIELORRÚSSIA');
Insert into AUTUACAO.PAIS (SEQ_PAIS,NOM_PAIS) values ('35','BELIZE');
Insert into AUTUACAO.PAIS (SEQ_PAIS,NOM_PAIS) values ('36','CANADÁ');
Insert into AUTUACAO.PAIS (SEQ_PAIS,NOM_PAIS) values ('40','SUÍÇA');
Insert into AUTUACAO.PAIS (SEQ_PAIS,NOM_PAIS) values ('41','COSTA DO MARFIM');
Insert into AUTUACAO.PAIS (SEQ_PAIS,NOM_PAIS) values ('42','ILHAS COOK');
Insert into AUTUACAO.PAIS (SEQ_PAIS,NOM_PAIS) values ('44','CAMARÕES');
Insert into AUTUACAO.PAIS (SEQ_PAIS,NOM_PAIS) values ('47','COSTA RICA');
Insert into AUTUACAO.PAIS (SEQ_PAIS,NOM_PAIS) values ('48','CUBA');
Insert into AUTUACAO.PAIS (SEQ_PAIS,NOM_PAIS) values ('50','ILHA DO NATAL');
Insert into AUTUACAO.PAIS (SEQ_PAIS,NOM_PAIS) values ('51','CHIPRE');
Insert into AUTUACAO.PAIS (SEQ_PAIS,NOM_PAIS) values ('53','ALEMANHA');
Insert into AUTUACAO.PAIS (SEQ_PAIS,NOM_PAIS) values ('56','DOMINICA');
Insert into AUTUACAO.PAIS (SEQ_PAIS,NOM_PAIS) values ('57','REPÚBLICA DOMINICANA');
Insert into AUTUACAO.PAIS (SEQ_PAIS,NOM_PAIS) values ('60','ESTÔNIA');
Insert into AUTUACAO.PAIS (SEQ_PAIS,NOM_PAIS) values ('61','EGITO');
Insert into AUTUACAO.PAIS (SEQ_PAIS,NOM_PAIS) values ('62','SAARA OCIDENTAL');
Insert into AUTUACAO.PAIS (SEQ_PAIS,NOM_PAIS) values ('64','ESPANHA');
Insert into AUTUACAO.PAIS (SEQ_PAIS,NOM_PAIS) values ('66','FINLÂNDIA');
Insert into AUTUACAO.PAIS (SEQ_PAIS,NOM_PAIS) values ('68','ILHAS FALKLAND');
Insert into AUTUACAO.PAIS (SEQ_PAIS,NOM_PAIS) values ('71','FAROE');
Insert into AUTUACAO.PAIS (SEQ_PAIS,NOM_PAIS) values ('72','FRANÇA');
Insert into AUTUACAO.PAIS (SEQ_PAIS,NOM_PAIS) values ('73','FRANÇA METROPOLITANA');
Insert into AUTUACAO.PAIS (SEQ_PAIS,NOM_PAIS) values ('76','GRANADA');
Insert into AUTUACAO.PAIS (SEQ_PAIS,NOM_PAIS) values ('77','GEÓRGIA');
Insert into AUTUACAO.PAIS (SEQ_PAIS,NOM_PAIS) values ('78','GUIANA FRANCESA');
Insert into AUTUACAO.PAIS (SEQ_PAIS,NOM_PAIS) values ('80','GIBRALTAR');
Insert into AUTUACAO.PAIS (SEQ_PAIS,NOM_PAIS) values ('81','GROENLÂNDIA');
Insert into AUTUACAO.PAIS (SEQ_PAIS,NOM_PAIS) values ('82','GÂMBIA');
Insert into AUTUACAO.PAIS (SEQ_PAIS,NOM_PAIS) values ('83','GUINÉ');
Insert into AUTUACAO.PAIS (SEQ_PAIS,NOM_PAIS) values ('86','GRÉCIA');
Insert into AUTUACAO.PAIS (SEQ_PAIS,NOM_PAIS) values ('88','GUATEMALA');
Insert into AUTUACAO.PAIS (SEQ_PAIS,NOM_PAIS) values ('89','GUAM');
Insert into AUTUACAO.PAIS (SEQ_PAIS,NOM_PAIS) values ('93','ILHA HEARD E ILHAS MCDONALD');
Insert into AUTUACAO.PAIS (SEQ_PAIS,NOM_PAIS) values ('94','HONDURAS');
Insert into AUTUACAO.PAIS (SEQ_PAIS,NOM_PAIS) values ('95','CROÁCIA');
Insert into AUTUACAO.PAIS (SEQ_PAIS,NOM_PAIS) values ('97','HUNGRIA');
Insert into AUTUACAO.PAIS (SEQ_PAIS,NOM_PAIS) values ('99','IRLANDA');
Insert into AUTUACAO.PAIS (SEQ_PAIS,NOM_PAIS) values ('100','GUERNESEY');
Insert into AUTUACAO.PAIS (SEQ_PAIS,NOM_PAIS) values ('102','ISRAEL');
Insert into AUTUACAO.PAIS (SEQ_PAIS,NOM_PAIS) values ('107','ITÁLIA');
Insert into AUTUACAO.PAIS (SEQ_PAIS,NOM_PAIS) values ('112','QUIRGUISTÃO');
Insert into AUTUACAO.PAIS (SEQ_PAIS,NOM_PAIS) values ('118','COREIA DO SUL');
Insert into AUTUACAO.PAIS (SEQ_PAIS,NOM_PAIS) values ('121','CAZAQUISTÃO');
Insert into AUTUACAO.PAIS (SEQ_PAIS,NOM_PAIS) values ('123','LÍBANO');
Insert into AUTUACAO.PAIS (SEQ_PAIS,NOM_PAIS) values ('125','LIECHTENSTEIN');
Insert into AUTUACAO.PAIS (SEQ_PAIS,NOM_PAIS) values ('130','LETÔNIA');
Insert into AUTUACAO.PAIS (SEQ_PAIS,NOM_PAIS) values ('134','MÔNACO');
Insert into AUTUACAO.PAIS (SEQ_PAIS,NOM_PAIS) values ('136','MADAGASCAR');
Insert into AUTUACAO.PAIS (SEQ_PAIS,NOM_PAIS) values ('146','MONTSERRAT');
Insert into AUTUACAO.PAIS (SEQ_PAIS,NOM_PAIS) values ('148','MAURÍCIO');
Insert into AUTUACAO.PAIS (SEQ_PAIS,NOM_PAIS) values ('150','MALAWI');
Insert into AUTUACAO.PAIS (SEQ_PAIS,NOM_PAIS) values ('155','NOVA CALEDÔNIA');
Insert into AUTUACAO.PAIS (SEQ_PAIS,NOM_PAIS) values ('158','NIGÉRIA');
Insert into AUTUACAO.PAIS (SEQ_PAIS,NOM_PAIS) values ('164','NIUE');
Insert into AUTUACAO.PAIS (SEQ_PAIS,NOM_PAIS) values ('169','POLINÉSIA FRANCESA');
Insert into AUTUACAO.PAIS (SEQ_PAIS,NOM_PAIS) values ('171','PAQUISTÃO');
Insert into AUTUACAO.PAIS (SEQ_PAIS,NOM_PAIS) values ('177','PALAU');
Insert into AUTUACAO.PAIS (SEQ_PAIS,NOM_PAIS) values ('181','ROMÊNIA');
Insert into AUTUACAO.PAIS (SEQ_PAIS,NOM_PAIS) values ('183','RUANDA');
Insert into AUTUACAO.PAIS (SEQ_PAIS,NOM_PAIS) values ('185','ILHAS SALOMÃO');
Insert into AUTUACAO.PAIS (SEQ_PAIS,NOM_PAIS) values ('196','SENEGAL');
Insert into AUTUACAO.PAIS (SEQ_PAIS,NOM_PAIS) values ('200','EL SALVADOR');
Insert into AUTUACAO.PAIS (SEQ_PAIS,NOM_PAIS) values ('204','CHADE');
Insert into AUTUACAO.PAIS (SEQ_PAIS,NOM_PAIS) values ('206','TOGO');
Insert into AUTUACAO.PAIS (SEQ_PAIS,NOM_PAIS) values ('207','TAILÂNDIA');
Insert into AUTUACAO.PAIS (SEQ_PAIS,NOM_PAIS) values ('213','TIMOR LESTE');
Insert into AUTUACAO.PAIS (SEQ_PAIS,NOM_PAIS) values ('216','TUVALU');
Insert into AUTUACAO.PAIS (SEQ_PAIS,NOM_PAIS) values ('217','TAIWAN');
Insert into AUTUACAO.PAIS (SEQ_PAIS,NOM_PAIS) values ('220','UGANDA');
Insert into AUTUACAO.PAIS (SEQ_PAIS,NOM_PAIS) values ('225','SÃO VICENTE E GRANADINAS');
Insert into AUTUACAO.PAIS (SEQ_PAIS,NOM_PAIS) values ('228','ILHAS VIRGENS AMERICANAS');
Insert into AUTUACAO.PAIS (SEQ_PAIS,NOM_PAIS) values ('231','WALLIS E FUTUNA');
Insert into AUTUACAO.PAIS (SEQ_PAIS,NOM_PAIS) values ('237','ZÂMBIA');
Insert into AUTUACAO.PAIS (SEQ_PAIS,NOM_PAIS) values ('223','UZBEQUISTÃO');
Insert into AUTUACAO.PAIS (SEQ_PAIS,NOM_PAIS) values ('116','SÃO CRISTÓVÃO E NEVES');
Insert into AUTUACAO.PAIS (SEQ_PAIS,NOM_PAIS) values ('135','MOLDÁVIA');
Insert into AUTUACAO.PAIS (SEQ_PAIS,NOM_PAIS) values ('142','MACAU');
Insert into AUTUACAO.PAIS (SEQ_PAIS,NOM_PAIS) values ('163','NAURU');
Insert into AUTUACAO.PAIS (SEQ_PAIS,NOM_PAIS) values ('203','ILHAS TURCAS E CAICOS');
Insert into AUTUACAO.PAIS (SEQ_PAIS,NOM_PAIS) values ('210','TURCOMENISTÃO');
Insert into AUTUACAO.PAIS (SEQ_PAIS,NOM_PAIS) values ('232','SAMOA');
Insert into AUTUACAO.PAIS (SEQ_PAIS,NOM_PAIS) values ('244','FILIPINAS');
Insert into AUTUACAO.PAIS (SEQ_PAIS,NOM_PAIS) values ('383','REPÚBLICA DEMOCRÁTICA DO CONGO');
Insert into AUTUACAO.PAIS (SEQ_PAIS,NOM_PAIS) values ('190','SANTA HELENA, ASCENSÃO E TRISTÃO DA CUNHA');
Insert into AUTUACAO.PAIS (SEQ_PAIS,NOM_PAIS) values ('384','ALANDA');
Insert into AUTUACAO.PAIS (SEQ_PAIS,NOM_PAIS) values ('385','CURAÇAU');
Insert into AUTUACAO.PAIS (SEQ_PAIS,NOM_PAIS) values ('386','ILHA DE MAN');
Insert into AUTUACAO.PAIS (SEQ_PAIS,NOM_PAIS) values ('387','ILHAS MENORES AFASTADAS DOS ESTADOS UNIDOS');
Insert into AUTUACAO.PAIS (SEQ_PAIS,NOM_PAIS) values ('388','PAÍSES BAIXOS CARIBENHOS');
Insert into AUTUACAO.PAIS (SEQ_PAIS,NOM_PAIS) values ('389','PALESTINA');
Insert into AUTUACAO.PAIS (SEQ_PAIS,NOM_PAIS) values ('390','SÃO BARTOLOMEU');
Insert into AUTUACAO.PAIS (SEQ_PAIS,NOM_PAIS) values ('391','SÃO MARTINHO');
Insert into AUTUACAO.PAIS (SEQ_PAIS,NOM_PAIS) values ('393','SUDÃO DO SUL');
Insert into AUTUACAO.PAIS (SEQ_PAIS,NOM_PAIS) values ('394','TERRITÓRIO BRITÂNICO DO OCEANO ÍNDICO');
Insert into AUTUACAO.PAIS (SEQ_PAIS,NOM_PAIS) values ('103','ÍNDIA');
Insert into AUTUACAO.PAIS (SEQ_PAIS,NOM_PAIS) values ('105','IRÃ');
Insert into AUTUACAO.PAIS (SEQ_PAIS,NOM_PAIS) values ('106','ISLÂNDIA');
Insert into AUTUACAO.PAIS (SEQ_PAIS,NOM_PAIS) values ('108','JAMAICA');
Insert into AUTUACAO.PAIS (SEQ_PAIS,NOM_PAIS) values ('110','JAPÃO');
Insert into AUTUACAO.PAIS (SEQ_PAIS,NOM_PAIS) values ('111','QUÊNIA');
Insert into AUTUACAO.PAIS (SEQ_PAIS,NOM_PAIS) values ('113','CAMBOJA');
Insert into AUTUACAO.PAIS (SEQ_PAIS,NOM_PAIS) values ('115','COMORES');
Insert into AUTUACAO.PAIS (SEQ_PAIS,NOM_PAIS) values ('119','KUWAIT');
Insert into AUTUACAO.PAIS (SEQ_PAIS,NOM_PAIS) values ('120','ILHAS CAIMAN');
Insert into AUTUACAO.PAIS (SEQ_PAIS,NOM_PAIS) values ('122','LAOS');
Insert into AUTUACAO.PAIS (SEQ_PAIS,NOM_PAIS) values ('124','SANTA LÚCIA');
Insert into AUTUACAO.PAIS (SEQ_PAIS,NOM_PAIS) values ('126','SRI LANKA');
Insert into AUTUACAO.PAIS (SEQ_PAIS,NOM_PAIS) values ('128','LESOTO');
Insert into AUTUACAO.PAIS (SEQ_PAIS,NOM_PAIS) values ('129','LITUÂNIA');
Insert into AUTUACAO.PAIS (SEQ_PAIS,NOM_PAIS) values ('133','MARROCOS');
Insert into AUTUACAO.PAIS (SEQ_PAIS,NOM_PAIS) values ('137','ILHAS MARSHALL');
Insert into AUTUACAO.PAIS (SEQ_PAIS,NOM_PAIS) values ('139','MALI');
Insert into AUTUACAO.PAIS (SEQ_PAIS,NOM_PAIS) values ('140','MYANMAR');
Insert into AUTUACAO.PAIS (SEQ_PAIS,NOM_PAIS) values ('144','MARTINICA');
Insert into AUTUACAO.PAIS (SEQ_PAIS,NOM_PAIS) values ('145','MAURITÂNIA');
Insert into AUTUACAO.PAIS (SEQ_PAIS,NOM_PAIS) values ('147','MALTA');
Insert into AUTUACAO.PAIS (SEQ_PAIS,NOM_PAIS) values ('149','MALDIVAS');
Insert into AUTUACAO.PAIS (SEQ_PAIS,NOM_PAIS) values ('151','MÉXICO');
Insert into AUTUACAO.PAIS (SEQ_PAIS,NOM_PAIS) values ('152','MALÁSIA');
Insert into AUTUACAO.PAIS (SEQ_PAIS,NOM_PAIS) values ('154','NAMÍBIA');
Insert into AUTUACAO.PAIS (SEQ_PAIS,NOM_PAIS) values ('156','NÍGER');
Insert into AUTUACAO.PAIS (SEQ_PAIS,NOM_PAIS) values ('157','ILHA NORFOLK');
Insert into AUTUACAO.PAIS (SEQ_PAIS,NOM_PAIS) values ('159','NICARÁGUA');
Insert into AUTUACAO.PAIS (SEQ_PAIS,NOM_PAIS) values ('161','NORUEGA');
Insert into AUTUACAO.PAIS (SEQ_PAIS,NOM_PAIS) values ('165','NOVA ZELÂNDIA');
Insert into AUTUACAO.PAIS (SEQ_PAIS,NOM_PAIS) values ('167','PANAMÁ');
Insert into AUTUACAO.PAIS (SEQ_PAIS,NOM_PAIS) values ('168','PERU');
Insert into AUTUACAO.PAIS (SEQ_PAIS,NOM_PAIS) values ('170','PAPUA-NOVA GUINÉ');
Insert into AUTUACAO.PAIS (SEQ_PAIS,NOM_PAIS) values ('172','POLÔNIA');
Insert into AUTUACAO.PAIS (SEQ_PAIS,NOM_PAIS) values ('174','ILHAS PITCAIRN');
Insert into AUTUACAO.PAIS (SEQ_PAIS,NOM_PAIS) values ('176','PORTUGAL');
Insert into AUTUACAO.PAIS (SEQ_PAIS,NOM_PAIS) values ('178','PARAGUAI');
Insert into AUTUACAO.PAIS (SEQ_PAIS,NOM_PAIS) values ('180','REUNIÃO');
Insert into AUTUACAO.PAIS (SEQ_PAIS,NOM_PAIS) values ('182','RÚSSIA');
Insert into AUTUACAO.PAIS (SEQ_PAIS,NOM_PAIS) values ('184','ARÁBIA SAUDITA');
Insert into AUTUACAO.PAIS (SEQ_PAIS,NOM_PAIS) values ('186','SEICHELES');
Insert into AUTUACAO.PAIS (SEQ_PAIS,NOM_PAIS) values ('188','SUÉCIA');
Insert into AUTUACAO.PAIS (SEQ_PAIS,NOM_PAIS) values ('189','CINGAPURA');
Insert into AUTUACAO.PAIS (SEQ_PAIS,NOM_PAIS) values ('191','ESLOVÊNIA');
Insert into AUTUACAO.PAIS (SEQ_PAIS,NOM_PAIS) values ('193','ESLOVÁQUIA');
Insert into AUTUACAO.PAIS (SEQ_PAIS,NOM_PAIS) values ('195','SAN MARINO');
Insert into AUTUACAO.PAIS (SEQ_PAIS,NOM_PAIS) values ('197','SOMÁLIA');
Insert into AUTUACAO.PAIS (SEQ_PAIS,NOM_PAIS) values ('199','SÃO TOMÉ E PRÍNCIPE');
Insert into AUTUACAO.PAIS (SEQ_PAIS,NOM_PAIS) values ('201','SÍRIA');
Insert into AUTUACAO.PAIS (SEQ_PAIS,NOM_PAIS) values ('205','TERRAS AUSTRAIS E ANTÁRTICAS FRANCESAS');
Insert into AUTUACAO.PAIS (SEQ_PAIS,NOM_PAIS) values ('208','TADJIQUISTÃO');
Insert into AUTUACAO.PAIS (SEQ_PAIS,NOM_PAIS) values ('212','TONGA');
Insert into AUTUACAO.PAIS (SEQ_PAIS,NOM_PAIS) values ('214','TURQUIA');
Insert into AUTUACAO.PAIS (SEQ_PAIS,NOM_PAIS) values ('215','TRINIDAD E TOBAGO');
Insert into AUTUACAO.PAIS (SEQ_PAIS,NOM_PAIS) values ('219','UCRÂNIA');
Insert into AUTUACAO.PAIS (SEQ_PAIS,NOM_PAIS) values ('221','ESTADOS UNIDOS');
Insert into AUTUACAO.PAIS (SEQ_PAIS,NOM_PAIS) values ('224','VATICANO');
Insert into AUTUACAO.PAIS (SEQ_PAIS,NOM_PAIS) values ('226','VENEZUELA');
Insert into AUTUACAO.PAIS (SEQ_PAIS,NOM_PAIS) values ('227','ILHAS VIRGENS BRITÂNICAS');
Insert into AUTUACAO.PAIS (SEQ_PAIS,NOM_PAIS) values ('234','MAIOTE');
Insert into AUTUACAO.PAIS (SEQ_PAIS,NOM_PAIS) values ('236','ÁFRICA DO SUL');
Insert into AUTUACAO.PAIS (SEQ_PAIS,NOM_PAIS) values ('238','ZIMBÁBUE');
Insert into AUTUACAO.PAIS (SEQ_PAIS,NOM_PAIS) values ('243','BUTÃO');
Insert into AUTUACAO.PAIS (SEQ_PAIS,NOM_PAIS) values ('245','LUXEMBURGO');
Insert into AUTUACAO.PAIS (SEQ_PAIS,NOM_PAIS) values ('381','SÉRVIA');
Insert into AUTUACAO.PAIS (SEQ_PAIS,NOM_PAIS) values ('382','MONTENEGRO');
Insert into AUTUACAO.PAIS (SEQ_PAIS,NOM_PAIS) values ('1','ANGOLA');
Insert into AUTUACAO.PAIS (SEQ_PAIS,NOM_PAIS) values ('5','ANTÍGUA E BARBUDA');
Insert into AUTUACAO.PAIS (SEQ_PAIS,NOM_PAIS) values ('3','EMIRADOS ÁRABES UNIDOS');
Insert into AUTUACAO.PAIS (SEQ_PAIS,NOM_PAIS) values ('11','ARGENTINA');
Insert into AUTUACAO.PAIS (SEQ_PAIS,NOM_PAIS) values ('16','AZERBAIJÃO');
Insert into AUTUACAO.PAIS (SEQ_PAIS,NOM_PAIS) values ('22','BULGÁRIA');
Insert into AUTUACAO.PAIS (SEQ_PAIS,NOM_PAIS) values ('28','BOLÍVIA');
Insert into AUTUACAO.PAIS (SEQ_PAIS,NOM_PAIS) values ('33','BOTSUANA');
Insert into AUTUACAO.PAIS (SEQ_PAIS,NOM_PAIS) values ('38','REPÚBLICA CENTRO-AFRICANA');
Insert into AUTUACAO.PAIS (SEQ_PAIS,NOM_PAIS) values ('46','COLÔMBIA');
Insert into AUTUACAO.PAIS (SEQ_PAIS,NOM_PAIS) values ('52','REPÚBLICA TCHECA');
Insert into AUTUACAO.PAIS (SEQ_PAIS,NOM_PAIS) values ('58','ARGÉLIA');
Insert into AUTUACAO.PAIS (SEQ_PAIS,NOM_PAIS) values ('63','ERITREIA');
Insert into AUTUACAO.PAIS (SEQ_PAIS,NOM_PAIS) values ('74','GABÃO');
Insert into AUTUACAO.PAIS (SEQ_PAIS,NOM_PAIS) values ('79','GANA');
Insert into AUTUACAO.PAIS (SEQ_PAIS,NOM_PAIS) values ('84','GUADALUPE');
Insert into AUTUACAO.PAIS (SEQ_PAIS,NOM_PAIS) values ('90','GUINÉ-BISSAU');
Insert into AUTUACAO.PAIS (SEQ_PAIS,NOM_PAIS) values ('96','HAITI');
Insert into AUTUACAO.PAIS (SEQ_PAIS,NOM_PAIS) values ('101','JERSEY');
Insert into AUTUACAO.PAIS (SEQ_PAIS,NOM_PAIS) values ('114','KIRIBATI');
Insert into AUTUACAO.PAIS (SEQ_PAIS,NOM_PAIS) values ('127','LIBÉRIA');
Insert into AUTUACAO.PAIS (SEQ_PAIS,NOM_PAIS) values ('138','MACEDÔNIA');
Insert into AUTUACAO.PAIS (SEQ_PAIS,NOM_PAIS) values ('153','MOÇAMBIQUE');
Insert into AUTUACAO.PAIS (SEQ_PAIS,NOM_PAIS) values ('166','OMÃ');
Insert into AUTUACAO.PAIS (SEQ_PAIS,NOM_PAIS) values ('175','PORTO RICO');
Insert into AUTUACAO.PAIS (SEQ_PAIS,NOM_PAIS) values ('187','SUDÃO');
Insert into AUTUACAO.PAIS (SEQ_PAIS,NOM_PAIS) values ('198','SURINAME');
Insert into AUTUACAO.PAIS (SEQ_PAIS,NOM_PAIS) values ('209','TOQUELAU');
Insert into AUTUACAO.PAIS (SEQ_PAIS,NOM_PAIS) values ('222','URUGUAI');
Insert into AUTUACAO.PAIS (SEQ_PAIS,NOM_PAIS) values ('233','IÊMEN');
Insert into AUTUACAO.PAIS (SEQ_PAIS,NOM_PAIS) values ('14','AUSTRÁLIA');
Insert into AUTUACAO.PAIS (SEQ_PAIS,NOM_PAIS) values ('19','BANGLADESH');
Insert into AUTUACAO.PAIS (SEQ_PAIS,NOM_PAIS) values ('24','BURUNDI');
Insert into AUTUACAO.PAIS (SEQ_PAIS,NOM_PAIS) values ('29','BRASIL');
Insert into AUTUACAO.PAIS (SEQ_PAIS,NOM_PAIS) values ('39','CONGO');
Insert into AUTUACAO.PAIS (SEQ_PAIS,NOM_PAIS) values ('43','CHILE');
Insert into AUTUACAO.PAIS (SEQ_PAIS,NOM_PAIS) values ('45','CHINA');
Insert into AUTUACAO.PAIS (SEQ_PAIS,NOM_PAIS) values ('49','CABO VERDE');
Insert into AUTUACAO.PAIS (SEQ_PAIS,NOM_PAIS) values ('55','DINAMARCA');
Insert into AUTUACAO.PAIS (SEQ_PAIS,NOM_PAIS) values ('59','EQUADOR');
Insert into AUTUACAO.PAIS (SEQ_PAIS,NOM_PAIS) values ('65','ETIÓPIA');
Insert into AUTUACAO.PAIS (SEQ_PAIS,NOM_PAIS) values ('75','REINO UNIDO');
Insert into AUTUACAO.PAIS (SEQ_PAIS,NOM_PAIS) values ('85','GUINÉ EQUATORIAL');
Insert into AUTUACAO.PAIS (SEQ_PAIS,NOM_PAIS) values ('91','GUIANA');
Insert into AUTUACAO.PAIS (SEQ_PAIS,NOM_PAIS) values ('98','INDONÉSIA');
Insert into AUTUACAO.PAIS (SEQ_PAIS,NOM_PAIS) values ('104','IRAQUE');
Insert into AUTUACAO.PAIS (SEQ_PAIS,NOM_PAIS) values ('109','JORDÂNIA');
Insert into AUTUACAO.PAIS (SEQ_PAIS,NOM_PAIS) values ('132','LÍBIA');
Insert into AUTUACAO.PAIS (SEQ_PAIS,NOM_PAIS) values ('141','MONGÓLIA');
Insert into AUTUACAO.PAIS (SEQ_PAIS,NOM_PAIS) values ('160','PAÍSES BAIXOS');
Insert into AUTUACAO.PAIS (SEQ_PAIS,NOM_PAIS) values ('179','CATAR');
Insert into AUTUACAO.PAIS (SEQ_PAIS,NOM_PAIS) values ('194','SERRA LEOA');
Insert into AUTUACAO.PAIS (SEQ_PAIS,NOM_PAIS) values ('202','SUAZILÂNDIA');
Insert into AUTUACAO.PAIS (SEQ_PAIS,NOM_PAIS) values ('211','TUNÍSIA');
Insert into AUTUACAO.PAIS (SEQ_PAIS,NOM_PAIS) values ('229','VIETNÃ');
Insert into AUTUACAO.PAIS (SEQ_PAIS,NOM_PAIS) values ('218','TANZÂNIA');
Insert into AUTUACAO.PAIS (SEQ_PAIS,NOM_PAIS) values ('230','VANUATU');
Insert into AUTUACAO.PAIS (SEQ_PAIS,NOM_PAIS) values ('4','AFEGANISTÃO');
Insert into AUTUACAO.PAIS (SEQ_PAIS,NOM_PAIS) values ('12','SAMOA AMERICANA');
Insert into AUTUACAO.PAIS (SEQ_PAIS,NOM_PAIS) values ('37','ILHAS DOS COCOS');
Insert into AUTUACAO.PAIS (SEQ_PAIS,NOM_PAIS) values ('54','DJIBOUTI');
Insert into AUTUACAO.PAIS (SEQ_PAIS,NOM_PAIS) values ('67','FIJI');
Insert into AUTUACAO.PAIS (SEQ_PAIS,NOM_PAIS) values ('70','MICRONÉSIA');
Insert into AUTUACAO.PAIS (SEQ_PAIS,NOM_PAIS) values ('87','ILHAS GEÓRGIA DO SUL E SANDWICH DO SUL');
Insert into AUTUACAO.PAIS (SEQ_PAIS,NOM_PAIS) values ('92','HONG KONG');
Insert into AUTUACAO.PAIS (SEQ_PAIS,NOM_PAIS) values ('117','COREIA DO NORTE');
Insert into AUTUACAO.PAIS (SEQ_PAIS,NOM_PAIS) values ('143','ILHAS MARIANAS DO NORTE');
Insert into AUTUACAO.PAIS (SEQ_PAIS,NOM_PAIS) values ('162','NEPAL');
Insert into AUTUACAO.PAIS (SEQ_PAIS,NOM_PAIS) values ('173','SÃO PEDRO E MIQUELÃO');
Insert into AUTUACAO.PAIS (SEQ_PAIS,NOM_PAIS) values ('192','SVALBARD E JAN MAYEN');

-- SELECT seq_unidade_federacao, nom_unidade_federacao, sig_unidade_federacao, seq_pais FROM corp.unidade_federacao WHERE flg_ativo = 'S';
Insert into AUTUACAO.UNIDADE_FEDERACAO (SEQ_UNIDADE_FEDERACAO,NOM_UNIDADE_FEDERACAO,SIG_UNIDADE_FEDERACAO,SEQ_PAIS) values ('1','Acre','AC','29');
Insert into AUTUACAO.UNIDADE_FEDERACAO (SEQ_UNIDADE_FEDERACAO,NOM_UNIDADE_FEDERACAO,SIG_UNIDADE_FEDERACAO,SEQ_PAIS) values ('2','Alagoas','AL','29');
Insert into AUTUACAO.UNIDADE_FEDERACAO (SEQ_UNIDADE_FEDERACAO,NOM_UNIDADE_FEDERACAO,SIG_UNIDADE_FEDERACAO,SEQ_PAIS) values ('3','Amazonas','AM','29');
Insert into AUTUACAO.UNIDADE_FEDERACAO (SEQ_UNIDADE_FEDERACAO,NOM_UNIDADE_FEDERACAO,SIG_UNIDADE_FEDERACAO,SEQ_PAIS) values ('4','Amapá','AP','29');
Insert into AUTUACAO.UNIDADE_FEDERACAO (SEQ_UNIDADE_FEDERACAO,NOM_UNIDADE_FEDERACAO,SIG_UNIDADE_FEDERACAO,SEQ_PAIS) values ('5','Bahia','BA','29');
Insert into AUTUACAO.UNIDADE_FEDERACAO (SEQ_UNIDADE_FEDERACAO,NOM_UNIDADE_FEDERACAO,SIG_UNIDADE_FEDERACAO,SEQ_PAIS) values ('6','Ceará','CE','29');
Insert into AUTUACAO.UNIDADE_FEDERACAO (SEQ_UNIDADE_FEDERACAO,NOM_UNIDADE_FEDERACAO,SIG_UNIDADE_FEDERACAO,SEQ_PAIS) values ('7','Distrito Federal','DF','29');
Insert into AUTUACAO.UNIDADE_FEDERACAO (SEQ_UNIDADE_FEDERACAO,NOM_UNIDADE_FEDERACAO,SIG_UNIDADE_FEDERACAO,SEQ_PAIS) values ('8','Espírito Santo','ES','29');
Insert into AUTUACAO.UNIDADE_FEDERACAO (SEQ_UNIDADE_FEDERACAO,NOM_UNIDADE_FEDERACAO,SIG_UNIDADE_FEDERACAO,SEQ_PAIS) values ('9','Goiás','GO','29');
Insert into AUTUACAO.UNIDADE_FEDERACAO (SEQ_UNIDADE_FEDERACAO,NOM_UNIDADE_FEDERACAO,SIG_UNIDADE_FEDERACAO,SEQ_PAIS) values ('10','Maranhão','MA','29');
Insert into AUTUACAO.UNIDADE_FEDERACAO (SEQ_UNIDADE_FEDERACAO,NOM_UNIDADE_FEDERACAO,SIG_UNIDADE_FEDERACAO,SEQ_PAIS) values ('11','Minas Gerais','MG','29');
Insert into AUTUACAO.UNIDADE_FEDERACAO (SEQ_UNIDADE_FEDERACAO,NOM_UNIDADE_FEDERACAO,SIG_UNIDADE_FEDERACAO,SEQ_PAIS) values ('12','Mato Grosso do Sul','MS','29');
Insert into AUTUACAO.UNIDADE_FEDERACAO (SEQ_UNIDADE_FEDERACAO,NOM_UNIDADE_FEDERACAO,SIG_UNIDADE_FEDERACAO,SEQ_PAIS) values ('13','Mato Grosso','MT','29');
Insert into AUTUACAO.UNIDADE_FEDERACAO (SEQ_UNIDADE_FEDERACAO,NOM_UNIDADE_FEDERACAO,SIG_UNIDADE_FEDERACAO,SEQ_PAIS) values ('14','Pará','PA','29');
Insert into AUTUACAO.UNIDADE_FEDERACAO (SEQ_UNIDADE_FEDERACAO,NOM_UNIDADE_FEDERACAO,SIG_UNIDADE_FEDERACAO,SEQ_PAIS) values ('15','Paraíba','PB','29');
Insert into AUTUACAO.UNIDADE_FEDERACAO (SEQ_UNIDADE_FEDERACAO,NOM_UNIDADE_FEDERACAO,SIG_UNIDADE_FEDERACAO,SEQ_PAIS) values ('16','Pernambuco','PE','29');
Insert into AUTUACAO.UNIDADE_FEDERACAO (SEQ_UNIDADE_FEDERACAO,NOM_UNIDADE_FEDERACAO,SIG_UNIDADE_FEDERACAO,SEQ_PAIS) values ('17','Piauí','PI','29');
Insert into AUTUACAO.UNIDADE_FEDERACAO (SEQ_UNIDADE_FEDERACAO,NOM_UNIDADE_FEDERACAO,SIG_UNIDADE_FEDERACAO,SEQ_PAIS) values ('18','Paraná','PR','29');
Insert into AUTUACAO.UNIDADE_FEDERACAO (SEQ_UNIDADE_FEDERACAO,NOM_UNIDADE_FEDERACAO,SIG_UNIDADE_FEDERACAO,SEQ_PAIS) values ('19','Rio de Janeiro','RJ','29');
Insert into AUTUACAO.UNIDADE_FEDERACAO (SEQ_UNIDADE_FEDERACAO,NOM_UNIDADE_FEDERACAO,SIG_UNIDADE_FEDERACAO,SEQ_PAIS) values ('20','Rio Grande do Norte','RN','29');
Insert into AUTUACAO.UNIDADE_FEDERACAO (SEQ_UNIDADE_FEDERACAO,NOM_UNIDADE_FEDERACAO,SIG_UNIDADE_FEDERACAO,SEQ_PAIS) values ('21','Rondônia','RO','29');
Insert into AUTUACAO.UNIDADE_FEDERACAO (SEQ_UNIDADE_FEDERACAO,NOM_UNIDADE_FEDERACAO,SIG_UNIDADE_FEDERACAO,SEQ_PAIS) values ('22','Roraima','RR','29');
Insert into AUTUACAO.UNIDADE_FEDERACAO (SEQ_UNIDADE_FEDERACAO,NOM_UNIDADE_FEDERACAO,SIG_UNIDADE_FEDERACAO,SEQ_PAIS) values ('23','Rio Grande do Sul','RS','29');
Insert into AUTUACAO.UNIDADE_FEDERACAO (SEQ_UNIDADE_FEDERACAO,NOM_UNIDADE_FEDERACAO,SIG_UNIDADE_FEDERACAO,SEQ_PAIS) values ('24','Santa Catarina','SC','29');
Insert into AUTUACAO.UNIDADE_FEDERACAO (SEQ_UNIDADE_FEDERACAO,NOM_UNIDADE_FEDERACAO,SIG_UNIDADE_FEDERACAO,SEQ_PAIS) values ('25','Sergipe','SE','29');
Insert into AUTUACAO.UNIDADE_FEDERACAO (SEQ_UNIDADE_FEDERACAO,NOM_UNIDADE_FEDERACAO,SIG_UNIDADE_FEDERACAO,SEQ_PAIS) values ('26','São Paulo','SP','29');
Insert into AUTUACAO.UNIDADE_FEDERACAO (SEQ_UNIDADE_FEDERACAO,NOM_UNIDADE_FEDERACAO,SIG_UNIDADE_FEDERACAO,SEQ_PAIS) values ('27','Tocantins','TO','29');

Insert into AUTUACAO.ASSUNTO (COD_ASSUNTO,DSC_ASSUNTO,COD_ASSUNTO_PAI) values ('001000000','ADVOGADO',null);
Insert into AUTUACAO.ASSUNTO (COD_ASSUNTO,DSC_ASSUNTO,COD_ASSUNTO_PAI) values ('001001000','DATIVO','001000000');
Insert into AUTUACAO.ASSUNTO (COD_ASSUNTO,DSC_ASSUNTO,COD_ASSUNTO_PAI) values ('001001001','NOMEAÇÃO','001001000');
Insert into AUTUACAO.ASSUNTO (COD_ASSUNTO,DSC_ASSUNTO,COD_ASSUNTO_PAI) values ('001001002','HONORÁRIOS','001001000');
Insert into AUTUACAO.ASSUNTO (COD_ASSUNTO,DSC_ASSUNTO,COD_ASSUNTO_PAI) values ('001001003','HONORÁRIOS - RÉU POBRE - RESPONSABILIDADE DO ESTADO','001001000');
Insert into AUTUACAO.ASSUNTO (COD_ASSUNTO,DSC_ASSUNTO,COD_ASSUNTO_PAI) values ('001001004','NOMEAÇÃO - INDICAÇÃO DA OAB','001001000');
Insert into AUTUACAO.ASSUNTO (COD_ASSUNTO,DSC_ASSUNTO,COD_ASSUNTO_PAI) values ('001001005','INSTRUMENTO DE MANDATO','001001000');
Insert into AUTUACAO.ASSUNTO (COD_ASSUNTO,DSC_ASSUNTO,COD_ASSUNTO_PAI) values ('001003000','HONORÁRIOS','001000000');
Insert into AUTUACAO.ASSUNTO (COD_ASSUNTO,DSC_ASSUNTO,COD_ASSUNTO_PAI) values ('001003003','CONTRATO - EXECUÇÃO','001003000');
Insert into AUTUACAO.ASSUNTO (COD_ASSUNTO,DSC_ASSUNTO,COD_ASSUNTO_PAI) values ('001003004','AÇÃO ACIDENTÁRIA - COBRANÇA DA AUTARQUIA','001003000');
Insert into AUTUACAO.ASSUNTO (COD_ASSUNTO,DSC_ASSUNTO,COD_ASSUNTO_PAI) values ('001003005','FIXAÇÃO','001003000');
Insert into AUTUACAO.ASSUNTO (COD_ASSUNTO,DSC_ASSUNTO,COD_ASSUNTO_PAI) values ('001003006','EXTINÇÃO DO PROCESSO','001003000');
Insert into AUTUACAO.ASSUNTO (COD_ASSUNTO,DSC_ASSUNTO,COD_ASSUNTO_PAI) values ('001003007','AÇÃO DE DIVISÃO DE IMÓVEL','001003000');
Insert into AUTUACAO.ASSUNTO (COD_ASSUNTO,DSC_ASSUNTO,COD_ASSUNTO_PAI) values ('001003008','DEFENSOR DATIVO','001003000');
Insert into AUTUACAO.ASSUNTO (COD_ASSUNTO,DSC_ASSUNTO,COD_ASSUNTO_PAI) values ('001003009','JUSTIÇA DO TRABALHO - CF. ART. 133 - REGULAMENTAÇÃO ','001003000');
Insert into AUTUACAO.ASSUNTO (COD_ASSUNTO,DSC_ASSUNTO,COD_ASSUNTO_PAI) values ('001003010','PERÍCIA CONTÁBIL','001003000');
Insert into AUTUACAO.ASSUNTO (COD_ASSUNTO,DSC_ASSUNTO,COD_ASSUNTO_PAI) values ('001003011','JUROS','001003000');
Insert into AUTUACAO.ASSUNTO (COD_ASSUNTO,DSC_ASSUNTO,COD_ASSUNTO_PAI) values ('001003012','COBRANÇA','001003000');
Insert into AUTUACAO.ASSUNTO (COD_ASSUNTO,DSC_ASSUNTO,COD_ASSUNTO_PAI) values ('001003013','EMBARGOS À EXECUÇÃO','001003000');
Insert into AUTUACAO.ASSUNTO (COD_ASSUNTO,DSC_ASSUNTO,COD_ASSUNTO_PAI) values ('001003014','CONTRATO - RESCISÃO DE MANDATO - FIXAÇÃO POR ARBITRAMENTO','001003000');
Insert into AUTUACAO.ASSUNTO (COD_ASSUNTO,DSC_ASSUNTO,COD_ASSUNTO_PAI) values ('001003015','LIQUIDAÇÃO EXTRAJUDICIAL - CARÊNCIA DA AÇÃO','001003000');
Insert into AUTUACAO.ASSUNTO (COD_ASSUNTO,DSC_ASSUNTO,COD_ASSUNTO_PAI) values ('001003016','CONTRATO - REVOGAÇÃO - FIXAÇÃO PELO PERITO JUDICIAL','001003000');
Insert into AUTUACAO.ASSUNTO (COD_ASSUNTO,DSC_ASSUNTO,COD_ASSUNTO_PAI) values ('001003017','AÇÃO PREVIDENCIÁRIA - PRESTAÇÕES VINCENDAS','001003000');
Insert into AUTUACAO.ASSUNTO (COD_ASSUNTO,DSC_ASSUNTO,COD_ASSUNTO_PAI) values ('001003018','CONTRATO - REVOGAÇÃO','001003000');
Insert into AUTUACAO.ASSUNTO (COD_ASSUNTO,DSC_ASSUNTO,COD_ASSUNTO_PAI) values ('001003019','EMPRESA PÚBLICA - AÇÃO TRABALHISTA','001003000');
Insert into AUTUACAO.ASSUNTO (COD_ASSUNTO,DSC_ASSUNTO,COD_ASSUNTO_PAI) values ('001003020','RENÚNCIA DO MANDATO','001003000');
Insert into AUTUACAO.ASSUNTO (COD_ASSUNTO,DSC_ASSUNTO,COD_ASSUNTO_PAI) values ('001003021','CONTRATO - RESCISÃO - DANO MORAL E MATERIAL - INDENIZAÇÃO','001003000');
Insert into AUTUACAO.ASSUNTO (COD_ASSUNTO,DSC_ASSUNTO,COD_ASSUNTO_PAI) values ('001003022','ARBITRAMENTO - LEGITIMIDADE ATIVA','001003000');
Insert into AUTUACAO.ASSUNTO (COD_ASSUNTO,DSC_ASSUNTO,COD_ASSUNTO_PAI) values ('001003023','COBRANÇA - EXCLUSÃO - PARTE ILEGÍTIMA','001003000');
Insert into AUTUACAO.ASSUNTO (COD_ASSUNTO,DSC_ASSUNTO,COD_ASSUNTO_PAI) values ('001003024','ARBITRAMENTO ANTECIPADO - EXECUÇÃO DE SENTENÇA','001003000');
Insert into AUTUACAO.ASSUNTO (COD_ASSUNTO,DSC_ASSUNTO,COD_ASSUNTO_PAI) values ('001003025','AÇÃO DE CONSIGNAÇÃO EM PAGAMENTO - VALOR - DEDUÇÃO','001003000');
Insert into AUTUACAO.ASSUNTO (COD_ASSUNTO,DSC_ASSUNTO,COD_ASSUNTO_PAI) values ('001003026','RENÚNCIA - GRATUIDADE DE JUSTIÇA','001003000');
Insert into AUTUACAO.ASSUNTO (COD_ASSUNTO,DSC_ASSUNTO,COD_ASSUNTO_PAI) values ('001003027','COBRANÇA - SERVIÇOS PRESTADOS À DEFENSORIA PÚBLICA','001003000');
Insert into AUTUACAO.ASSUNTO (COD_ASSUNTO,DSC_ASSUNTO,COD_ASSUNTO_PAI) values ('001003028','AÇÃO - FGTS - MP 2.164-41 ART. 9º - LEI 8.036/90 ART. 29-C','001003000');
Insert into AUTUACAO.ASSUNTO (COD_ASSUNTO,DSC_ASSUNTO,COD_ASSUNTO_PAI) values ('001003029','SOCIEDADE DE ECONOMIA MISTA','001003000');
Insert into AUTUACAO.ASSUNTO (COD_ASSUNTO,DSC_ASSUNTO,COD_ASSUNTO_PAI) values ('001003030','ARBITRAMENTO - MANDATO - RENÚNCIA','001003000');
Insert into AUTUACAO.ASSUNTO (COD_ASSUNTO,DSC_ASSUNTO,COD_ASSUNTO_PAI) values ('001003031','ARBITRAMENTO','001003000');
Insert into AUTUACAO.ASSUNTO (COD_ASSUNTO,DSC_ASSUNTO,COD_ASSUNTO_PAI) values ('001003032','CÁLCULO','001003000');
Insert into AUTUACAO.ASSUNTO (COD_ASSUNTO,DSC_ASSUNTO,COD_ASSUNTO_PAI) values ('001004000','IMUNIDADE JUDICIÁRIA','001000000');
Insert into AUTUACAO.ASSUNTO (COD_ASSUNTO,DSC_ASSUNTO,COD_ASSUNTO_PAI) values ('001004002','CRIME CONTRA A HONRA','001004000');
Insert into AUTUACAO.ASSUNTO (COD_ASSUNTO,DSC_ASSUNTO,COD_ASSUNTO_PAI) values ('001005000','INTIMAÇÃO','001000000');
Insert into AUTUACAO.ASSUNTO (COD_ASSUNTO,DSC_ASSUNTO,COD_ASSUNTO_PAI) values ('001006000','PROCURAÇÃO','001000000');
Insert into AUTUACAO.ASSUNTO (COD_ASSUNTO,DSC_ASSUNTO,COD_ASSUNTO_PAI) values ('001006001','JUNTADA EXTEMPORÂNEA','001006000');
Insert into AUTUACAO.ASSUNTO (COD_ASSUNTO,DSC_ASSUNTO,COD_ASSUNTO_PAI) values ('001006002','AUSÊNCIA DO INSTRUMENTO','001006000');
Insert into AUTUACAO.ASSUNTO (COD_ASSUNTO,DSC_ASSUNTO,COD_ASSUNTO_PAI) values ('001007000','PRESTAÇÃO DE CONTAS','001000000');
Insert into AUTUACAO.ASSUNTO (COD_ASSUNTO,DSC_ASSUNTO,COD_ASSUNTO_PAI) values ('001007001','CORREÇÃO MONETÁRIA E JUROS','001007000');
Insert into AUTUACAO.ASSUNTO (COD_ASSUNTO,DSC_ASSUNTO,COD_ASSUNTO_PAI) values ('001007002','LEGITIMIDADE PASSIVA','001007000');
Insert into AUTUACAO.ASSUNTO (COD_ASSUNTO,DSC_ASSUNTO,COD_ASSUNTO_PAI) values ('001008000','PENALIDADE','001000000');
Insert into AUTUACAO.ASSUNTO (COD_ASSUNTO,DSC_ASSUNTO,COD_ASSUNTO_PAI) values ('001008001','RETENÇÃO DOS AUTOS - MULTA','001008000');
Insert into AUTUACAO.ASSUNTO (COD_ASSUNTO,DSC_ASSUNTO,COD_ASSUNTO_PAI) values ('001009000','LICENÇA EX-OFFICIO','001000000');
Insert into AUTUACAO.ASSUNTO (COD_ASSUNTO,DSC_ASSUNTO,COD_ASSUNTO_PAI) values ('001010000','CAUSA PRÓPRIA','001000000');
Insert into AUTUACAO.ASSUNTO (COD_ASSUNTO,DSC_ASSUNTO,COD_ASSUNTO_PAI) values ('001010001','RENÚNCIA DE ADVOGADO CONSTITUÍDO','001010000');
Insert into AUTUACAO.ASSUNTO (COD_ASSUNTO,DSC_ASSUNTO,COD_ASSUNTO_PAI) values ('001011000','CONTRATAÇÃO - ASSISTÊNCIA JUDICIÁRIA GRATUITA','001000000');
Insert into AUTUACAO.ASSUNTO (COD_ASSUNTO,DSC_ASSUNTO,COD_ASSUNTO_PAI) values ('001011001','CONVÊNIO - ESTADO/MUNICÍPIO - VÍNCULO EMPREGATÍCIO','001011000');
Insert into AUTUACAO.ASSUNTO (COD_ASSUNTO,DSC_ASSUNTO,COD_ASSUNTO_PAI) values ('001012000','ESTATUTO DA OAB - LEI 8.906/94','001000000');
Insert into AUTUACAO.ASSUNTO (COD_ASSUNTO,DSC_ASSUNTO,COD_ASSUNTO_PAI) values ('001012001','JORNADA DE TRABALHO - 4 HORAS','001012000');
Insert into AUTUACAO.ASSUNTO (COD_ASSUNTO,DSC_ASSUNTO,COD_ASSUNTO_PAI) values ('001012002','CONTRIBUIÇÃO SINDICAL - ISENÇÃO - LEI 8.906/94 ART. 47','001012000');
Insert into AUTUACAO.ASSUNTO (COD_ASSUNTO,DSC_ASSUNTO,COD_ASSUNTO_PAI) values ('001014000','EXERCÍCIO DA PROFISSÃO','001000000');
Insert into AUTUACAO.ASSUNTO (COD_ASSUNTO,DSC_ASSUNTO,COD_ASSUNTO_PAI) values ('001014001','SUSPENSÃO','001014000');
Insert into AUTUACAO.ASSUNTO (COD_ASSUNTO,DSC_ASSUNTO,COD_ASSUNTO_PAI) values ('001014002','PROCESSO DISCIPLINAR','001014000');
Insert into AUTUACAO.ASSUNTO (COD_ASSUNTO,DSC_ASSUNTO,COD_ASSUNTO_PAI) values ('001014003','INSCRIÇÃO NA OAB','001014000');
Insert into AUTUACAO.ASSUNTO (COD_ASSUNTO,DSC_ASSUNTO,COD_ASSUNTO_PAI) values ('001014004','RESPONSABILIDADE CIVIL','001014000');
Insert into AUTUACAO.ASSUNTO (COD_ASSUNTO,DSC_ASSUNTO,COD_ASSUNTO_PAI) values ('001014005','VISITA A CLIENTE PRESO - REGULAMENTO','001014000');
Insert into AUTUACAO.ASSUNTO (COD_ASSUNTO,DSC_ASSUNTO,COD_ASSUNTO_PAI) values ('001014006','IMPEDIMENTO','001014000');
Insert into AUTUACAO.ASSUNTO (COD_ASSUNTO,DSC_ASSUNTO,COD_ASSUNTO_PAI) values ('001014007','SUSTENTAÇÃO ORAL APÓS O VOTO DO RELATOR - LEI 8.906/94','001014000');
Insert into AUTUACAO.ASSUNTO (COD_ASSUNTO,DSC_ASSUNTO,COD_ASSUNTO_PAI) values ('001014008','ACESSO AOS AUTOS','001014000');
Insert into AUTUACAO.ASSUNTO (COD_ASSUNTO,DSC_ASSUNTO,COD_ASSUNTO_PAI) values ('001014009','EMPRESA PÚBLICA E SOCIEDADE DE ECONOMIA MISTA - MP 1.522/97 ART 3º','001014000');
Insert into AUTUACAO.ASSUNTO (COD_ASSUNTO,DSC_ASSUNTO,COD_ASSUNTO_PAI) values ('001014010','JORNADA DE TRABALHO','001014000');
Insert into AUTUACAO.ASSUNTO (COD_ASSUNTO,DSC_ASSUNTO,COD_ASSUNTO_PAI) values ('001014011','RESPONSABILIDADE - MULTA - LEI 10.358/01 - CPC ART. 14, V','001014000');
Insert into AUTUACAO.ASSUNTO (COD_ASSUNTO,DSC_ASSUNTO,COD_ASSUNTO_PAI) values ('001014012','EXPRESSÃO INJURIOSA','001014000');
Insert into AUTUACAO.ASSUNTO (COD_ASSUNTO,DSC_ASSUNTO,COD_ASSUNTO_PAI) values ('001014013','INSCRIÇÃO NA OAB - REATIVAÇÃO DE NÚMERO','001014000');
Insert into AUTUACAO.ASSUNTO (COD_ASSUNTO,DSC_ASSUNTO,COD_ASSUNTO_PAI) values ('001014014','JUIZADOS ESPECIAIS CÍVEIS E CRIMINAIS - JUSTIÇA FEDERAL - LEI 10.259/01 ART. 10','001014000');
Insert into AUTUACAO.ASSUNTO (COD_ASSUNTO,DSC_ASSUNTO,COD_ASSUNTO_PAI) values ('001014015','REVISTA PESSOAL','001014000');
Insert into AUTUACAO.ASSUNTO (COD_ASSUNTO,DSC_ASSUNTO,COD_ASSUNTO_PAI) values ('001014016','VEDAÇÃO - SERVIDOR - CARREIRA JURÍDICA - MP 1.587-4/97 ART. 24 - LEI 9.651/98','001014000');
Insert into AUTUACAO.ASSUNTO (COD_ASSUNTO,DSC_ASSUNTO,COD_ASSUNTO_PAI) values ('001014017','VEDAÇÃO - SERVIDOR - CARREIRA JURÍDICA - LEI 9.651/98 ART. 24','001014000');
Insert into AUTUACAO.ASSUNTO (COD_ASSUNTO,DSC_ASSUNTO,COD_ASSUNTO_PAI) values ('001014018','MEMBRO DO PODER LEGISLATIVO MUNICIPAL','001014000');
Insert into AUTUACAO.ASSUNTO (COD_ASSUNTO,DSC_ASSUNTO,COD_ASSUNTO_PAI) values ('001014019','CARTEIRA DE IDENTIDADE - RECADASTRAMENTO','001014000');
Insert into AUTUACAO.ASSUNTO (COD_ASSUNTO,DSC_ASSUNTO,COD_ASSUNTO_PAI) values ('001014020','EMPRESA PÚBLICA E SOCIEDADE DE ECONOMIA MISTA - LEI 9.527/97 ART. 4º','001014000');
Insert into AUTUACAO.ASSUNTO (COD_ASSUNTO,DSC_ASSUNTO,COD_ASSUNTO_PAI) values ('001014021','DANOS MORAIS - LEI 8.906/94','001014000');
Insert into AUTUACAO.ASSUNTO (COD_ASSUNTO,DSC_ASSUNTO,COD_ASSUNTO_PAI) values ('001015000','CONTRATO - ACOMPANHAMENTO DE INQUÉRITO POLICIAL','001000000');
Insert into AUTUACAO.ASSUNTO (COD_ASSUNTO,DSC_ASSUNTO,COD_ASSUNTO_PAI) values ('001015001','ANULAÇÃO','001015000');
Insert into AUTUACAO.ASSUNTO (COD_ASSUNTO,DSC_ASSUNTO,COD_ASSUNTO_PAI) values ('001016000','INDICAÇÃO PARA VAGA DE JUIZ ELEITORAL - EXCLUSÃO DE LISTA TRÍPLICE','001000000');
Insert into AUTUACAO.ASSUNTO (COD_ASSUNTO,DSC_ASSUNTO,COD_ASSUNTO_PAI) values ('1209','DIREITO PROCESSUAL PENAL',null);
Insert into AUTUACAO.ASSUNTO (COD_ASSUNTO,DSC_ASSUNTO,COD_ASSUNTO_PAI) values ('10604','Investigação Penal','1209');
Insert into AUTUACAO.ASSUNTO (COD_ASSUNTO,DSC_ASSUNTO,COD_ASSUNTO_PAI) values ('10632','Prisão Temporária','1209');
Insert into AUTUACAO.ASSUNTO (COD_ASSUNTO,DSC_ASSUNTO,COD_ASSUNTO_PAI) values ('10891','Habeas Corpus - Cabimento','1209');
Insert into AUTUACAO.ASSUNTO (COD_ASSUNTO,DSC_ASSUNTO,COD_ASSUNTO_PAI) values ('10904','Prisão Domiciliar / Especial','1209');
Insert into AUTUACAO.ASSUNTO (COD_ASSUNTO,DSC_ASSUNTO,COD_ASSUNTO_PAI) values ('10912','Medidas Assecuratórias','1209');
Insert into AUTUACAO.ASSUNTO (COD_ASSUNTO,DSC_ASSUNTO,COD_ASSUNTO_PAI) values ('4263','Ação Penal','1209');
Insert into AUTUACAO.ASSUNTO (COD_ASSUNTO,DSC_ASSUNTO,COD_ASSUNTO_PAI) values ('4291','Jurisdição e Competência','1209');
Insert into AUTUACAO.ASSUNTO (COD_ASSUNTO,DSC_ASSUNTO,COD_ASSUNTO_PAI) values ('4305','Recurso','1209');
Insert into AUTUACAO.ASSUNTO (COD_ASSUNTO,DSC_ASSUNTO,COD_ASSUNTO_PAI) values ('4310','Fiança','1209');
Insert into AUTUACAO.ASSUNTO (COD_ASSUNTO,DSC_ASSUNTO,COD_ASSUNTO_PAI) values ('4355','Prisão Preventiva','1209');
Insert into AUTUACAO.ASSUNTO (COD_ASSUNTO,DSC_ASSUNTO,COD_ASSUNTO_PAI) values ('4368','Denúncia/Queixa','1209');
Insert into AUTUACAO.ASSUNTO (COD_ASSUNTO,DSC_ASSUNTO,COD_ASSUNTO_PAI) values ('7928','Liberdade Provisória','1209');
Insert into AUTUACAO.ASSUNTO (COD_ASSUNTO,DSC_ASSUNTO,COD_ASSUNTO_PAI) values ('7929','Prisão em flagrante','1209');
Insert into AUTUACAO.ASSUNTO (COD_ASSUNTO,DSC_ASSUNTO,COD_ASSUNTO_PAI) values ('7937','Inclusão/exclusão de Jurado','1209');
Insert into AUTUACAO.ASSUNTO (COD_ASSUNTO,DSC_ASSUNTO,COD_ASSUNTO_PAI) values ('7942','Execução Penal','1209');
Insert into AUTUACAO.ASSUNTO (COD_ASSUNTO,DSC_ASSUNTO,COD_ASSUNTO_PAI) values ('7945','Falsidade','1209');
Insert into AUTUACAO.ASSUNTO (COD_ASSUNTO,DSC_ASSUNTO,COD_ASSUNTO_PAI) values ('287','DIREITO PENAL',null);
Insert into AUTUACAO.ASSUNTO (COD_ASSUNTO,DSC_ASSUNTO,COD_ASSUNTO_PAI) values ('10620','Parte Geral','287');
Insert into AUTUACAO.ASSUNTO (COD_ASSUNTO,DSC_ASSUNTO,COD_ASSUNTO_PAI) values ('10949','Violência Doméstica Contra a Mulher','287');
Insert into AUTUACAO.ASSUNTO (COD_ASSUNTO,DSC_ASSUNTO,COD_ASSUNTO_PAI) values ('10950','Crime / Contravenção contra Criança / Adolescente','287');
Insert into AUTUACAO.ASSUNTO (COD_ASSUNTO,DSC_ASSUNTO,COD_ASSUNTO_PAI) values ('10951','Crime / Contravenção contra Idoso','287');
Insert into AUTUACAO.ASSUNTO (COD_ASSUNTO,DSC_ASSUNTO,COD_ASSUNTO_PAI) values ('10952','Fato Atípico','287');
Insert into AUTUACAO.ASSUNTO (COD_ASSUNTO,DSC_ASSUNTO,COD_ASSUNTO_PAI) values ('11414','Crime/contravenção decorrente de conflito fundiário coletivo','287');
Insert into AUTUACAO.ASSUNTO (COD_ASSUNTO,DSC_ASSUNTO,COD_ASSUNTO_PAI) values ('3369','Crimes contra a vida','287');
Insert into AUTUACAO.ASSUNTO (COD_ASSUNTO,DSC_ASSUNTO,COD_ASSUNTO_PAI) values ('3385','Lesão Corporal','287');
Insert into AUTUACAO.ASSUNTO (COD_ASSUNTO,DSC_ASSUNTO,COD_ASSUNTO_PAI) values ('3388','Periclitação da Vida e da Saúde e Rixa','287');
Insert into AUTUACAO.ASSUNTO (COD_ASSUNTO,DSC_ASSUNTO,COD_ASSUNTO_PAI) values ('3394','Crimes contra a Honra','287');
Insert into AUTUACAO.ASSUNTO (COD_ASSUNTO,DSC_ASSUNTO,COD_ASSUNTO_PAI) values ('3400','Crimes contra a liberdade pessoal','287');
Insert into AUTUACAO.ASSUNTO (COD_ASSUNTO,DSC_ASSUNTO,COD_ASSUNTO_PAI) values ('3405','Crimes contra a inviolabilidade de domicílio','287');
Insert into AUTUACAO.ASSUNTO (COD_ASSUNTO,DSC_ASSUNTO,COD_ASSUNTO_PAI) values ('3407','Crimes contra a inviolabilidade de correspondência','287');
Insert into AUTUACAO.ASSUNTO (COD_ASSUNTO,DSC_ASSUNTO,COD_ASSUNTO_PAI) values ('3412','Crimes contra a inviolabilidade de segredo','287');
Insert into AUTUACAO.ASSUNTO (COD_ASSUNTO,DSC_ASSUNTO,COD_ASSUNTO_PAI) values ('3415','Crimes contra o Patrimônio','287');
Insert into AUTUACAO.ASSUNTO (COD_ASSUNTO,DSC_ASSUNTO,COD_ASSUNTO_PAI) values ('3442','Crimes contra a Propriedade Intelectual','287');
Insert into AUTUACAO.ASSUNTO (COD_ASSUNTO,DSC_ASSUNTO,COD_ASSUNTO_PAI) values ('3445','Crimes contra a Organização do Trabalho','287');
Insert into AUTUACAO.ASSUNTO (COD_ASSUNTO,DSC_ASSUNTO,COD_ASSUNTO_PAI) values ('3457','Crimes contra o sentimento religioso e contra o respeito aos mortos','287');
Insert into AUTUACAO.ASSUNTO (COD_ASSUNTO,DSC_ASSUNTO,COD_ASSUNTO_PAI) values ('3463','Crimes contra a Dignidade Sexual','287');
Insert into AUTUACAO.ASSUNTO (COD_ASSUNTO,DSC_ASSUNTO,COD_ASSUNTO_PAI) values ('3472','Crimes contra a Família','287');
Insert into AUTUACAO.ASSUNTO (COD_ASSUNTO,DSC_ASSUNTO,COD_ASSUNTO_PAI) values ('3491','Crimes contra a Incolumidade Pública','287');
Insert into AUTUACAO.ASSUNTO (COD_ASSUNTO,DSC_ASSUNTO,COD_ASSUNTO_PAI) values ('3520','Crimes contra a Paz Pública','287');
Insert into AUTUACAO.ASSUNTO (COD_ASSUNTO,DSC_ASSUNTO,COD_ASSUNTO_PAI) values ('3523','Crimes contra a Fé Pública','287');
Insert into AUTUACAO.ASSUNTO (COD_ASSUNTO,DSC_ASSUNTO,COD_ASSUNTO_PAI) values ('3547','Crimes Praticados por Funcionários Públicos Contra a Administração em Geral','287');
Insert into AUTUACAO.ASSUNTO (COD_ASSUNTO,DSC_ASSUNTO,COD_ASSUNTO_PAI) values ('3603','Crimes Previstos na Legislação Extravagante','287');
Insert into AUTUACAO.ASSUNTO (COD_ASSUNTO,DSC_ASSUNTO,COD_ASSUNTO_PAI) values ('3692','Contravenções Penais','287');
Insert into AUTUACAO.ASSUNTO (COD_ASSUNTO,DSC_ASSUNTO,COD_ASSUNTO_PAI) values ('5555','Crime Tentado','287');
Insert into AUTUACAO.ASSUNTO (COD_ASSUNTO,DSC_ASSUNTO,COD_ASSUNTO_PAI) values ('5865','Crime Culposo','287');
Insert into AUTUACAO.ASSUNTO (COD_ASSUNTO,DSC_ASSUNTO,COD_ASSUNTO_PAI) values ('5872','Crimes Praticados por Particular Contra a Administração em Geral','287');
Insert into AUTUACAO.ASSUNTO (COD_ASSUNTO,DSC_ASSUNTO,COD_ASSUNTO_PAI) values ('5873','Crimes Praticados por Particular Contra a Administração Pública Estrangeira','287');
Insert into AUTUACAO.ASSUNTO (COD_ASSUNTO,DSC_ASSUNTO,COD_ASSUNTO_PAI) values ('5874','Crimes Contra a Administração da Justiça','287');
Insert into AUTUACAO.ASSUNTO (COD_ASSUNTO,DSC_ASSUNTO,COD_ASSUNTO_PAI) values ('5875','Crimes Contra as Finanças Públicas','287');
Insert into AUTUACAO.ASSUNTO (COD_ASSUNTO,DSC_ASSUNTO,COD_ASSUNTO_PAI) values ('864','DIREITO DO TRABALHO',null);
Insert into AUTUACAO.ASSUNTO (COD_ASSUNTO,DSC_ASSUNTO,COD_ASSUNTO_PAI) values ('10568','Prescrição','864');
Insert into AUTUACAO.ASSUNTO (COD_ASSUNTO,DSC_ASSUNTO,COD_ASSUNTO_PAI) values ('1695','Acordo e Convenção Coletivos de Trabalho','864');
Insert into AUTUACAO.ASSUNTO (COD_ASSUNTO,DSC_ASSUNTO,COD_ASSUNTO_PAI) values ('1697','Direito Sindical e Questões Análogas','864');
Insert into AUTUACAO.ASSUNTO (COD_ASSUNTO,DSC_ASSUNTO,COD_ASSUNTO_PAI) values ('1937','Responsabilidade Solidária / Subsidiária','864');
Insert into AUTUACAO.ASSUNTO (COD_ASSUNTO,DSC_ASSUNTO,COD_ASSUNTO_PAI) values ('2135','Sentença Normativa','864');
Insert into AUTUACAO.ASSUNTO (COD_ASSUNTO,DSC_ASSUNTO,COD_ASSUNTO_PAI) values ('2567','Responsabilidade Civil do Empregador','864');
Insert into AUTUACAO.ASSUNTO (COD_ASSUNTO,DSC_ASSUNTO,COD_ASSUNTO_PAI) values ('2581','Remuneração, Verbas Indenizatórias e Benefícios','864');
Insert into AUTUACAO.ASSUNTO (COD_ASSUNTO,DSC_ASSUNTO,COD_ASSUNTO_PAI) values ('2620','Rescisão do Contrato de Trabalho','864');
Insert into AUTUACAO.ASSUNTO (COD_ASSUNTO,DSC_ASSUNTO,COD_ASSUNTO_PAI) values ('2622','Aposentadoria e Pensão','864');
Insert into AUTUACAO.ASSUNTO (COD_ASSUNTO,DSC_ASSUNTO,COD_ASSUNTO_PAI) values ('2662','Férias','864');
Insert into AUTUACAO.ASSUNTO (COD_ASSUNTO,DSC_ASSUNTO,COD_ASSUNTO_PAI) values ('7628','Outras Relações de Trabalho','864');
Insert into AUTUACAO.ASSUNTO (COD_ASSUNTO,DSC_ASSUNTO,COD_ASSUNTO_PAI) values ('7639','Direito de Greve / Lockout','864');
Insert into AUTUACAO.ASSUNTO (COD_ASSUNTO,DSC_ASSUNTO,COD_ASSUNTO_PAI) values ('7644','Categoria Profissional Especial','864');
Insert into AUTUACAO.ASSUNTO (COD_ASSUNTO,DSC_ASSUNTO,COD_ASSUNTO_PAI) values ('899','DIREITO CIVIL',null);
Insert into AUTUACAO.ASSUNTO (COD_ASSUNTO,DSC_ASSUNTO,COD_ASSUNTO_PAI) values ('10431','Responsabilidade Civil','899');
Insert into AUTUACAO.ASSUNTO (COD_ASSUNTO,DSC_ASSUNTO,COD_ASSUNTO_PAI) values ('10432','Coisas','899');
Insert into AUTUACAO.ASSUNTO (COD_ASSUNTO,DSC_ASSUNTO,COD_ASSUNTO_PAI) values ('5626','Família','899');
Insert into AUTUACAO.ASSUNTO (COD_ASSUNTO,DSC_ASSUNTO,COD_ASSUNTO_PAI) values ('5754','Pessoas naturais','899');
Insert into AUTUACAO.ASSUNTO (COD_ASSUNTO,DSC_ASSUNTO,COD_ASSUNTO_PAI) values ('7673','Sucessões','899');
Insert into AUTUACAO.ASSUNTO (COD_ASSUNTO,DSC_ASSUNTO,COD_ASSUNTO_PAI) values ('7681','Obrigações','899');
Insert into AUTUACAO.ASSUNTO (COD_ASSUNTO,DSC_ASSUNTO,COD_ASSUNTO_PAI) values ('7947','Fatos Jurídicos','899');
Insert into AUTUACAO.ASSUNTO (COD_ASSUNTO,DSC_ASSUNTO,COD_ASSUNTO_PAI) values ('9616','Empresas','899');
Insert into AUTUACAO.ASSUNTO (COD_ASSUNTO,DSC_ASSUNTO,COD_ASSUNTO_PAI) values ('9981','Pessoas Jurídicas','899');

Insert into AUTUACAO.TESE (SEQ_TESE,DSC_TESE,NUM_TESE,TIP_TESE) values ('170','Recurso extraordinário em que se discute, à luz dos artigos 5º, XXXVII e LIII; 93, III; 94 e 98, I, da Constituição Federal, a nulidade, ou não, de julgamento realizado por órgão fracionário de tribunal, composto majoritariamente por juízes convocados, tendo em conta os princípios do juiz natural e do duplo grau de jurisdição.','170','REPERCUSSAO_GERAL');
Insert into AUTUACAO.TESE (SEQ_TESE,DSC_TESE,NUM_TESE,TIP_TESE) values ('224','Recurso extraordinário em que se discute, à luz dos artigos 5º, II; 37; 59; 84, IV; 146, III, a; 150, I e IV; e 153, III, da Constituição Federal, a natureza jurídica dos juros, a fim de se decidir se verbas recebidas a esse título, em reclamatória trabalhista, se sujeitam, ou não, ao Imposto de Renda.','306','REPERCUSSAO_GERAL');
Insert into AUTUACAO.TESE (SEQ_TESE,DSC_TESE,NUM_TESE,TIP_TESE) values ('173','Recurso extraordinário em que se discute, à luz dos artigos 5º, LIV e LV; 129, III e VIII; e 144, IV, § 4°, da Constituição Federal, a constitucionalidade, ou não, da realização de procedimento investigatório de natureza penal pelo Ministério Público.','184','REPERCUSSAO_GERAL');
Insert into AUTUACAO.TESE (SEQ_TESE,DSC_TESE,NUM_TESE,TIP_TESE) values ('195','Recurso extraordinário em que se discute, à luz do art. 114, VI, da Constituição Federal, qual a Justiça competente, se a especializada ou a comum, para processar e julgar as ações indenizatórias decorrentes de acidente do trabalho propostas pelos sucessores do trabalhador falecido.','242','REPERCUSSAO_GERAL');
Insert into AUTUACAO.TESE (SEQ_TESE,DSC_TESE,NUM_TESE,TIP_TESE) values ('313','Recurso extraordinário em que se discute, à luz do art. 125, § 4º, da Constituição Federal, a competência, ou não, de Tribunal de Justiça estadual determinar, no bojo de processo autônomo de perda de posto e patente de militar, a reforma de policial militar, julgado inapto a permanecer nas fileiras da corporação.','358','REPERCUSSAO_GERAL');
Insert into AUTUACAO.TESE (SEQ_TESE,DSC_TESE,NUM_TESE,TIP_TESE) values ('346','Recurso extraordinário em que se discute, à luz dos artigos 5º, II, XXII, XXXVI, LIV e LV; e 170, II, da Constituição Federal, a responsabilização, ou não, do empregador por obrigações trabalhistas, no caso de sucessão de empresa.','333','REPERCUSSAO_GERAL');
Insert into AUTUACAO.TESE (SEQ_TESE,DSC_TESE,NUM_TESE,TIP_TESE) values ('432','Recurso extraordinário em que se discute, à luz dos artigos 227 e 229 da Constituição Federal, a constitucionalidade, ou não, de decisão que, com fundamento em interpretação sistemática do art. 75, §1º, da Lei nº 6.815/80, concede ordem de habeas corpus para manter, no território brasileiro, estrangeiro expulso cuja prole brasileira foi concebida posteriormente ao fato motivador do ato expulsório, considerando-se, de um lado, o princípio da soberania nacional e, de outro lado, o princípio da proteção da família.','373','REPERCUSSAO_GERAL');
Insert into AUTUACAO.TESE (SEQ_TESE,DSC_TESE,NUM_TESE,TIP_TESE) values ('350','Recurso extraordinário em que se discute, à luz do art. 5º, XLIII, da Constituição Federal, a possibilidade, ou não, de concessão da liberdade provisória a preso em flagrante pela prática de tráfico ilícito de entorpecentes.','192','REPERCUSSAO_GERAL');
Insert into AUTUACAO.TESE (SEQ_TESE,DSC_TESE,NUM_TESE,TIP_TESE) values ('452','Agravo de instrumento interposto contra decisão que inadmitiu recurso extraordinário em que se discute, à luz do art. 100 da Constituição Federal, se a PARANAPREVIDÊNCIA faz jus, ou não, ao rito do artigo 730 do CPC, nas hipóteses de execução de quantia em dinheiro.','411','REPERCUSSAO_GERAL');
Insert into AUTUACAO.TESE (SEQ_TESE,DSC_TESE,NUM_TESE,TIP_TESE) values ('516','Recurso extraordinário com agravo em que se discute, à luz dos incisos I e II do art. 114 da Constituição Federal, a competência para processar e julgar processo que tem por objeto a abusividade de greve de servidores públicos regidos pela Consolidação das Leis do Trabalho – CLT.','544','REPERCUSSAO_GERAL');
Insert into AUTUACAO.TESE (SEQ_TESE,DSC_TESE,NUM_TESE,TIP_TESE) values ('531','Recurso extraordinário em que se discute, à luz do art. 29, VIII, da Constituição Federal, se a imunidade material de vereador por suas opiniões, palavras e votos alcança, ou não, obrigação de indenizar decorrente de responsabilidade civil.','469','REPERCUSSAO_GERAL');
Insert into AUTUACAO.TESE (SEQ_TESE,DSC_TESE,NUM_TESE,TIP_TESE) values ('441','Recurso extraordinário em que se discute, à luz dos artigos 1º, III, e 5º, II, XLVI, LXV, da Constituição Federal, a possibilidade, ou não, de se determinar o cumprimento de pena privativa de liberdade em prisão domiciliar, ante a inexistência de vagas em estabelecimento penitenciário adequado à execução no regime semi-aberto. ','423','REPERCUSSAO_GERAL');
Insert into AUTUACAO.TESE (SEQ_TESE,DSC_TESE,NUM_TESE,TIP_TESE) values ('1037','Recurso extraodinário com agravo em que se discute, à luz do art. 7º, XXIX, da Constituição Federal, o prazo da prescrição da ação proposta em razão de acidente de trabalho em face da  emenda Constitucional 45, de 2004.','466','PRE_TEMA');
Insert into AUTUACAO.TESE (SEQ_TESE,DSC_TESE,NUM_TESE,TIP_TESE) values ('817','Recurso Extraordinário que, à luz do art. 29, inciso VIII, da CF/88, pugna contra acórdão que condenou vereador a pagamento de indenização a título de danos morais por ofensa em pronunciamento feito no exercício de suas funções.','246','PRE_TEMA');
Insert into AUTUACAO.TESE (SEQ_TESE,DSC_TESE,NUM_TESE,TIP_TESE) values ('819','Recurso extraordinário com agravo em que se discute, à luz do art. 7º, XXIX da Constituição Federal, qual o prazo prescricional, se parcial ou total, para se pleitear complementação de proventos interrompida após aposentadoria por invalidez.','248','PRE_TEMA');
Insert into AUTUACAO.TESE (SEQ_TESE,DSC_TESE,NUM_TESE,TIP_TESE) values ('1001','Recurso Extraordinário com agravo em que se discute, à luz do art. 37, § 6º, da Constituição Federal, a responsabilidade civil estatal por danos morais decorrentes de prisão indevida.','430','PRE_TEMA');
Insert into AUTUACAO.TESE (SEQ_TESE,DSC_TESE,NUM_TESE,TIP_TESE) values ('1322','Recurso Extraordinário em que se discute, à luz dos arts. 37, § 6º e 5º, LXXVIII da CF/88, a responsabilidade civil objetiva do Estado e a responsabilidade civil pessoal do Magistrado por danos decorrentes da demora na prestação jurisdicional.','751','PRE_TEMA');
Insert into AUTUACAO.TESE (SEQ_TESE,DSC_TESE,NUM_TESE,TIP_TESE) values ('1334','Recurso Extraordinário em que se discute à luz do artigo 153, III da Constituição Federal a incidência de imposto de renda sobre abono pecuniário recebido em decorrência de acordo coletivo de trabalho. ','763','PRE_TEMA');
Insert into AUTUACAO.TESE (SEQ_TESE,DSC_TESE,NUM_TESE,TIP_TESE) values ('1354','Agravo interposto contra decisão que inadmitiu recurso extraordinário em que se discute, à luz do art. 37, II, e §2º, da Constituição Federal, efeitos trabalhistas decorrentes da contratação de empregado por pessoa jurídica de direito privado prestadora de serviço social autônomo, sem submissão à regra da prévia aprovação em concurso público.','783','PRE_TEMA');
Insert into AUTUACAO.TESE (SEQ_TESE,DSC_TESE,NUM_TESE,TIP_TESE) values ('1446','Agravo em Recurso Extraordinário em que se discute com fundamento no art. 114 da CF/88, sobre a competência para julgamento de prestação de contas de ex-empregado, gestor de negócios, por vendas realizadas em nome do ex-empregador.','875','PRE_TEMA');
Insert into AUTUACAO.TESE (SEQ_TESE,DSC_TESE,NUM_TESE,TIP_TESE) values ('1526','Recurso Extraordinário com Agravo em que se discute, à luz do art. 114, I e II da CF/88, a competência, ou não, da Justiça do Trabalho para julgar a abusividade de greve de servidores públicos celetistas.','955','PRE_TEMA');
Insert into AUTUACAO.TESE (SEQ_TESE,DSC_TESE,NUM_TESE,TIP_TESE) values ('1121','Recurso extraordinário em que se discute, à luz do art. 5º, XXXV e XXXVI da CF/1988, a possibilidade, ou não, de redução do valor de multa cominatória, em ação de indenizatória por danos morais ou materiais.','550','PRE_TEMA');
Insert into AUTUACAO.TESE (SEQ_TESE,DSC_TESE,NUM_TESE,TIP_TESE) values ('1903','Recurso extraordinário no qual se discute, à luz do inciso V do art. 170, do caput do art. 207 e do art. 209 da Constituição Federal, se fere a autonomia universitária a decisão que, lastreada no princípio da defesa do consumidor, determina que o pagamento das mensalidades das instituições privadas de ensino superior seja proporcional à quantidade de disciplinas cursadas.','547','REPERCUSSAO_GERAL');
Insert into AUTUACAO.TESE (SEQ_TESE,DSC_TESE,NUM_TESE,TIP_TESE) values ('1781','Agravo de instrumento contra decisão que não admitiu recurso extraordinário em que se discute, à luz dos arts. 5º, II e XXXVI; e 7º, I, da Constituição Federal, se a aposentadoria espontânea extingue, ou não, o contrato de trabalho.    ','1','CONTROVERSIA');
Insert into AUTUACAO.TESE (SEQ_TESE,DSC_TESE,NUM_TESE,TIP_TESE) values ('1845','Recurso Extraordinário com agravo em que se discute, à luz do art. 37, § 6º, da Constituição Federal, a caracterização, ou não, de responsabilidade civil do Estado por danos morais decorrentes de prisão indevida.    ','33','CONTROVERSIA');
Insert into AUTUACAO.TESE (SEQ_TESE,DSC_TESE,NUM_TESE,TIP_TESE) values ('1887','Recurso extraordinário em que se discute, à luz do art. 37, XVI e XVII, da Constituição Federal, a possibilidade, ou não, da acumulação de proventos com vencimentos de empregados públicos, em face dos efeitos da concessão da aposentadoria espontânea.    ','61','CONTROVERSIA');
Insert into AUTUACAO.TESE (SEQ_TESE,DSC_TESE,NUM_TESE,TIP_TESE) values ('1852','Recurso extraordinário em que se discute, à luz dos arts. 7º, XXVI, 8º, III e VI, e 202, caput e §2º, da Constituição Federal, a possibilidade, ou não, de o acordo coletivo de trabalho limitar a concessão de uma vantagem - alteração de nível - somente aos empregados em atividade.       ','41','CONTROVERSIA');
Insert into AUTUACAO.TESE (SEQ_TESE,DSC_TESE,NUM_TESE,TIP_TESE) values ('1886','Recurso extraordinário com agravo em que se discute, à luz dos arts. 114, I; e 198, §5º, da Constituição Federal, a competência, ou não, da Justiça do Trabalho para processar e julgar ação que discute verbas trabalhistas, referentes a período regido pela CLT, supostamente devidas a empregados públicos ¿ com fundamento na Emenda Constitucional n.º 51/2006 e na Lei Federal n.º 11.350/2006 ¿ que migraram, posteriormente, para o regime estatutário.    ','59','CONTROVERSIA');
Insert into AUTUACAO.TESE (SEQ_TESE,DSC_TESE,NUM_TESE,TIP_TESE) values ('1882','Recurso extraordinário com agravo em que se discute à luz do artigo 7º, XXIX, da Constituição Federal, qual o marco inicial da contagem do prazo prescricional estabelecido no referido dispositivo constitucional, em face da decisão do STF que entendeu que a aposentadoria espontânea do trabalhador não extingue o contrato de trabalho.    ','52','CONTROVERSIA');
Insert into AUTUACAO.TESE (SEQ_TESE,DSC_TESE,NUM_TESE,TIP_TESE) values ('1637','Agravo de instrumento interposto contra decisão que inadmitiu recurso extraordinário, em que se discute à luz dos arts. 5º, II e XXXV; 37, caput; e 202, da Constituição Federal, a possibilidade, ou não, do pagamento de indenização em dobro, com base na estabilidade decenal, a ex-servidor da Empresa Brasileira de Correios e Telégrafos, referente ao período do regime estatutário regido pela Lei Federal nº 1.711/1.952, anterior à opção pela CLT e FGTS.','1066','PRE_TEMA');
Insert into AUTUACAO.TESE (SEQ_TESE,DSC_TESE,NUM_TESE,TIP_TESE) values ('1492','Agravo de Instrumento contra decisão que inadmitiu Recurso extraordinário em que se discute, à luz dos arts. 5º, XXXV, e 114, § 2º, da Constituição Federal, a necessidade, ou não, de "comum acordo" como pressuposto processual para o ajuizamento de dissídio coletivo de natureza econômica na Justiça do Trabalho.','921','PRE_TEMA');
Insert into AUTUACAO.TESE (SEQ_TESE,DSC_TESE,NUM_TESE,TIP_TESE) values ('771','Recurso extraordinário em que se discute, à luz do art. XXX, da Constituição Federal, se pessoa jurídica de direito privado sem fins lucrativos tem direito, ou não, ao benefício da gratuidade de justiça.','200','PRE_TEMA');
Insert into AUTUACAO.TESE (SEQ_TESE,DSC_TESE,NUM_TESE,TIP_TESE) values ('847','Recurso Extraordinário com Agravo em que se discute, à luz dos artigos 7º, XXIX da Constituição Federal a prescrição incidente sobre pedido de complementação de aposentadoria relativa ao auxílio-alimentação suprimido antes da aposentadoria do empregado e jamais recebido após o jubilamento.','276','PRE_TEMA');
Insert into AUTUACAO.TESE (SEQ_TESE,DSC_TESE,NUM_TESE,TIP_TESE) values ('741','Recurso extraordinário com agravo em que se discute, à luz dos arts. 5º, II, 7º, XXIX, da Constituição Federal, se está prescrito, ou não, com base em acordo coletivo, o direito dos empregados perceberem o pagamento das diferenças de PLR dos exercícios financeiros de 1997, 1998 e 1999, que supostamente foram distribuídos em 2001 apenas aos acionistas como dividendo e juros sobre capital próprio.','170','PRE_TEMA');
Insert into AUTUACAO.TESE (SEQ_TESE,DSC_TESE,NUM_TESE,TIP_TESE) values ('1148','Recurso Extraordinário com Agravo em que se discute, à luz do artigo 7º, XXIX da Constituição Federal a aplicabilidade da prescrição às ações que tenham por objeto anotação da carteira de trabalho para fins de prova junto à Previdência Social, a teor do artigo 11, § 1º da CLT. ','577','PRE_TEMA');
Insert into AUTUACAO.TESE (SEQ_TESE,DSC_TESE,NUM_TESE,TIP_TESE) values ('1460','Recurso extraordinário com agravo em que se discute, à luz do art. 37, IX, e 39, § 3º, da Constituição Federal, o direito, ou não, ao pagamento de parcelas salariais a servidor público temporário contratado irregularmente. ','889','PRE_TEMA');
Insert into AUTUACAO.TESE (SEQ_TESE,DSC_TESE,NUM_TESE,TIP_TESE) values ('1158','Recurso extraordinário com agravo em que se discute, à luz do artigo 7º, XXIX da Constituição Federal, a aplicabilidade, ou não, da prescrição quinquenal intercorrente no curso do processo de execução trabalhista. ','587','PRE_TEMA');
Insert into AUTUACAO.TESE (SEQ_TESE,DSC_TESE,NUM_TESE,TIP_TESE) values ('1160','Recurso extraordinário com agravo em que se discute, à luz do art. 7º, XXIX, da Constituição Federal, a incidência da decretação da prescrição sobre parcelas trabalhistas não impugnadas na contestação.','589','PRE_TEMA');
Insert into AUTUACAO.TESE (SEQ_TESE,DSC_TESE,NUM_TESE,TIP_TESE) values ('839','Agravo em Recurso Extraordinário em que se discute, à luz dos arts 5º, inciso XXXV, LIV e LV; 93, IX; bem como do art. 10 do ADCT da Constituição Federal, a negativa de prestação jurisdicional em sede de Reclamação Trabalhista que versa sobre dispensa sem justa causa de empregada doméstica.','268','PRE_TEMA');
Insert into AUTUACAO.TESE (SEQ_TESE,DSC_TESE,NUM_TESE,TIP_TESE) values ('1663','Recurso extraordinário com agravo em que se discute, à luz dos arts. 7º; 37, inc. IX; 39, §3º da CF/88, se servidores contratados administrativamente em caráter temporário tem direito ao recebimento de verbas sociais não previstas no contrato firmado, como gratificação natalina, férias, terço constitucional de férias.','1092','PRE_TEMA');
Insert into AUTUACAO.TESE (SEQ_TESE,DSC_TESE,NUM_TESE,TIP_TESE) values ('1067','Prescrição da pretensão de reajuste de complementação de aposentadoria relativos ao abono-complementação instituído pela Fundação Vale do Rio Doce de Seguridade Social - VALIA.
Recurso extraordinário com agravo em que se discute, à luz do art. 7º, inciso XXIV, da Constituição Federal, a prescrição da pretensão de reajuste da complementação de aposentadoria relativos ao abono-complementação instituído pela Fundação Vale do Rio Doce de Seguridade Social - VALIA.','496','PRE_TEMA');
Insert into AUTUACAO.TESE (SEQ_TESE,DSC_TESE,NUM_TESE,TIP_TESE) values ('1691','Agravo instrumento interposto contra decisão que inadmitiu em recurso extraordinário em que se discute, à luz do art. 53, da Constituição Federal, se a imunidade por opiniões, palavras e votos de Deputados e Senadores, alcança, ou não,  a obrigação por responsabilidade civil.','1120','PRE_TEMA');
Insert into AUTUACAO.TESE (SEQ_TESE,DSC_TESE,NUM_TESE,TIP_TESE) values ('748','Recurso Extraordinário em que se discute, à luz dos artigos 5º, II, LV e 173, da Constituição Federal, a possibilidade, ou não, de inclusão do Estado no pólo passivo de execução trabalhista movida contra sociedade de economia mista em condição de insolvência.','177','PRE_TEMA');
Insert into AUTUACAO.TESE (SEQ_TESE,DSC_TESE,NUM_TESE,TIP_TESE) values ('749','Recurso extraordinário com agravo em que se discute, à luz dos arrtigos 5º, XXXV, LIV, LV e 7º, XXIX da Constituição Federal, a extensão de assistência médica supletiva a empregado aposentado por invalidez. Alegação de inexistência de lei ou norma interna concessiva do benefício.','178','PRE_TEMA');
Insert into AUTUACAO.TESE (SEQ_TESE,DSC_TESE,NUM_TESE,TIP_TESE) values ('1082','Agravo interposto contra decisão que inadmitiu recurso extraordinário em que se discute, à luz do art. 40, § 7º, da Constituição Federal, o direito  de pensionistas de ex-empregados da extinta Ferrovia Paulista S/A ¿ FEPASA, à integralidade no valor da pensão recebida, com base no art. 40, §5º, da Carta Magna, com redação anterior à EC nº 20/1998, e nos artigos 192 e 193 do Decreto Estadual nº 35.530/1959.','511','PRE_TEMA');
Insert into AUTUACAO.TESE (SEQ_TESE,DSC_TESE,NUM_TESE,TIP_TESE) values ('1155','Agravo em recurso extraordinário em que se discute, à luz do art. 40, § 4º, da Constituição Federal, a possibilidade, ou não, de decisão judicial desconsiderar o quanto foi decidido em acordo coletivo.','584','PRE_TEMA');
Insert into AUTUACAO.TESE (SEQ_TESE,DSC_TESE,NUM_TESE,TIP_TESE) values ('1036','Recurso extraordinário com agravo em que se discute, à luz do art. 37, § 6º da Constituição Federal, a responsabilidade objetiva do Estado, em razão de morte de detento.','465','PRE_TEMA');
Insert into AUTUACAO.TESE (SEQ_TESE,DSC_TESE,NUM_TESE,TIP_TESE) values ('1516','Recurso extraordinário em que se discute, à luz artigo 5º, inciso LV da CF/88, a possibilidade ou não da cobrança de complementação de seguro facultativo pelos lucros cessantes, do responsável por acidente de veículo causado àquele que utiliza o bem como ferramenta de trabalho e que permaneceu paralisado para conserto das avarias sofridas, o que impossibilitou o exercício das atividades profissionais.','945','PRE_TEMA');
Insert into AUTUACAO.TESE (SEQ_TESE,DSC_TESE,NUM_TESE,TIP_TESE) values ('1617','Agravo de instrumento interposto contra decisão que inadmitiu recurso extraordinário, em que se discute à luz dos arts. 5°, II, XIII e XXXVI; 100; 173; 175; e 195, §7°, da Constituição Federal, a natureza jurídica de Fundação criada por lei municipal, antes do Novo Código Civil, para fins de execução por ofício precatório. ','1046','PRE_TEMA');
Insert into AUTUACAO.TESE (SEQ_TESE,DSC_TESE,NUM_TESE,TIP_TESE) values ('880','Recurso extraordinário com agravo em que se discute, à luz dos artigos 5º, caput, incisos II, XXXVI, LIV, LV e 7º, VI, XXX, da Constituição Federal, a possibilidade, ou não, de se reajustar aposentadoria de empregado do antigo Banespa pelo índice do IGP-DI e mais 12% de juros ao ano, ou sucessivamente àqueles conferidos pelas convenções ou acordos coletivos de trabalho, em face da não opção do plano de complementação de aposentadoria. ','309','PRE_TEMA');
Insert into AUTUACAO.TESE (SEQ_TESE,DSC_TESE,NUM_TESE,TIP_TESE) values ('7963','Recurso extraordinário em que se discute, à luz do art. 5º, XXXV e XXXVI, e 60, § 4º, da Constituição Federal, a constitucionalidade do § 2º do art. 114 da Lei Maior, na redação dada pela EC 45/2004, que condiciona o ajuizamento de dissídio coletivo de natureza econômica à existência de comum acordo entre as partes.','841','REPERCUSSAO_GERAL');
Insert into AUTUACAO.TESE (SEQ_TESE,DSC_TESE,NUM_TESE,TIP_TESE) values ('3762','Recurso extraordinário em que se discute — à luz dos arts. 1º, IV, 2º, 3º, I, 4º, IV, 5º, II, 7º, I, 114, 170, II e parágrafo único, da Constituição federal, bem como do art. 10, II, do Ato das Disposições Constitucionais Transitórias — a imposição, pelo Tribunal Superior do Trabalho, da obrigatoriedade de negociação coletiva para a dispensa em massa de trabalhadores.','638','REPERCUSSAO_GERAL');
Insert into AUTUACAO.TESE (SEQ_TESE,DSC_TESE,NUM_TESE,TIP_TESE) values ('2582','Recurso extraordinário com agravo em que se discute, à luz do inciso XXXVI do art. 5º e do inciso XXIX do art. 7º da Constituição Federal, a prescrição aplicável (total ou parcial) no âmbito da Justiça do Trabalho.','583','REPERCUSSAO_GERAL');
Insert into AUTUACAO.TESE (SEQ_TESE,DSC_TESE,NUM_TESE,TIP_TESE) values ('6582','Recurso extraordinário em que se discute, à luz dos arts. 5º, LVII, e 97 da Constituição federal, se ofende o princípio da presunção de inocência a aplicação do quanto disposto no art. 52 da Lei 7.210/1984 (Lei de Execução Penal – LEP) – a prática de fato previsto como crime doloso constitui falta grave – antes do advento de sentença penal condenatória transitada em julgado.','758','REPERCUSSAO_GERAL');
Insert into AUTUACAO.TESE (SEQ_TESE,DSC_TESE,NUM_TESE,TIP_TESE) values ('8102','Recurso extraordinário em que se discute, à luz dos arts. 7º, XXIX, 39 e 114 da Constituição Federal, a competência, ou não, da Justiça Trabalhista para processar e julgar demanda instaurada entre  o Poder Público e servidores a ele vinculados por contrato de trabalho regido pela CLT.','853','REPERCUSSAO_GERAL');
Insert into AUTUACAO.TESE (SEQ_TESE,DSC_TESE,NUM_TESE,TIP_TESE) values ('1267','.Recurso extraordinário em que se discute, à luz dos artigos 5º, II; 37; 59; 84, IV; 146, III, a; 150, I e IV; e 153, III, da Constituição Federal, a natureza jurídica dos juros, a fim de se decidir se verbas recebidas a esse título, em reclamatória trabalhista, se sujeitam, ou não, ao Imposto de Renda.','696','PRE_TEMA');
Insert into AUTUACAO.TESE (SEQ_TESE,DSC_TESE,NUM_TESE,TIP_TESE) values ('2704','Recurso extraordinário em que se discute, à luz do inciso XXVI do art. 7º e dos incisos III e VI do art. 8º da Constituição Federal, a possibilidade, ou não, de extensão, às complementações de aposentadoria, de benefício concedido indistintamente aos empregados da ativa, em razão de acordo coletivo de trabalho. ','591','REPERCUSSAO_GERAL');
Insert into AUTUACAO.TESE (SEQ_TESE,DSC_TESE,NUM_TESE,TIP_TESE) values ('3362','Agravo contra decisão que inadmitiu recurso extraordinário em que se discute, à luz dos arts. 2º; 5º, XLIII; e 52, X, da Constituição Federal, a constitucionalidade da vedação à conversão da pena privativa de liberdade pela pena restritiva de direitos, prevista nos arts. 33, § 4º, e 44, caput, da Lei 11.343/2006.','626','REPERCUSSAO_GERAL');
Insert into AUTUACAO.TESE (SEQ_TESE,DSC_TESE,NUM_TESE,TIP_TESE) values ('1672','Recurso extraordinário com agravo em que se discute a luz do art. 5º, caput e II, da Constituição Federal, a aplicabilidade, ou não, da forma de incidência dos juros de mora, disposto no artigo 1º-F, da lei nº 9.494/1997, com redação da MP nº 2180-35/2001 e da Lei nº 11.960/2009, nos casos de condenação subsidiária da Fazenda Pública.','1101','PRE_TEMA');
Insert into AUTUACAO.TESE (SEQ_TESE,DSC_TESE,NUM_TESE,TIP_TESE) values ('814','Recurso Extraordinário com agravo em que se discute, à luz dos arts. 113 e 114 da CF/88, a incompetência da justiça do trabalho nas ações que envolvam a execução de crédito trabalhista incluído na recuperação judicial de empresas, conforme previsto na Lei Federal nº 11.101/2005.','243','PRE_TEMA');
Insert into AUTUACAO.TESE (SEQ_TESE,DSC_TESE,NUM_TESE,TIP_TESE) values ('2722','Recurso extraordinário com agravo em que se discute, à luz do § 6º do art. 37 da Constituição Federal, a responsabilidade civil objetiva do Estado por morte de detento.','592','REPERCUSSAO_GERAL');
Insert into AUTUACAO.TESE (SEQ_TESE,DSC_TESE,NUM_TESE,TIP_TESE) values ('5462','Recurso extraordinário em que se discute, à luz do art. 5º, LXI, da Constituição federal, a recepção do art. 47 da Lei 6.880/1980, que possibilita a definição, por meio de decreto regulamentar, dos casos de prisão e detenção disciplinares por transgressão militar. Em consequência, discute-se também a validade das disposições contidas no Decreto 4.346/2002 (Regulamento Disciplinar do Exército) pertinentes à aplicação das referidas penalidades.','703','REPERCUSSAO_GERAL');
Insert into AUTUACAO.TESE (SEQ_TESE,DSC_TESE,NUM_TESE,TIP_TESE) values ('2962','Recurso extraordinário com agravo em que se discute, à luz do caput e dos incisos II, XXII e LIV do art. 5º; bem como dos incisos III e XXIX do art. 7º, todos da Constituição Federal, o prazo prescricional aplicável à cobrança de valores não depositados no Fundo de Garantia por Tempo de Serviço - FGTS.','608','REPERCUSSAO_GERAL');
Insert into AUTUACAO.TESE (SEQ_TESE,DSC_TESE,NUM_TESE,TIP_TESE) values ('1340','Agravo contra decisão que inadmitiu recurso extraordinário em que se discute, à luz do art. 7, XXVI e 114, I da CF/88 a competência da Justiça do Trabalho para julgar causas envolvendo discussão sobre cláusulas de acordos coletivos de trabalho.','769','PRE_TEMA');
Insert into AUTUACAO.TESE (SEQ_TESE,DSC_TESE,NUM_TESE,TIP_TESE) values ('8243','Recurso extraordinário em que se discute, à luz dos arts. 2º, 5º, II, 7º, XVII, e 59 da Constituição Federal, se o pagamento de férias realizado fora do prazo do art. 145 da Consolidação das Leis do Trabalho deve ser efetuado em dobro.','867','REPERCUSSAO_GERAL');
Insert into AUTUACAO.TESE (SEQ_TESE,DSC_TESE,NUM_TESE,TIP_TESE) values ('8162','Recurso extraordinário em que se discute, à luz dos arts. 5º, XXXIX, e 22, I, da Constituição Federal, a tipicidade, ou não, da conduta de portar arma branca, tendo em conta a ausência da regulamentação exigida no tipo do art. 19 da Lei das Contravenções Penais.','857','REPERCUSSAO_GERAL');
Insert into AUTUACAO.TESE (SEQ_TESE,DSC_TESE,NUM_TESE,TIP_TESE) values ('850','Agravo em Recurso Extraordinário em que se discute, à luz do artigo 5º, II, XXXV, LIV, LV, da Constituição Federal, a existência, ou não, de direito adquirido a empregado do SERPRO com relação ao recebimento do Prêmio Produtividade em virtude do artigo 12 da Lei 5.615/70. ','279','PRE_TEMA');
Insert into AUTUACAO.TESE (SEQ_TESE,DSC_TESE,NUM_TESE,TIP_TESE) values ('56','Recurso extraordinário em que se discute, à luz dos artigos 5º, LV e LX; e art. 93, IX, da Constituição Federal, a constitucionalidade, ou não, do art. 118, § 3º, do Regimento Interno do Superior Tribunal Militar – STM, o qual prevê que o resultado do julgamento de agravo interposto perante aquela Corte será certificado nos autos pela Secretaria do Tribunal Pleno, prescindindo-se da lavratura de acórdão fundamentado.','50','REPERCUSSAO_GERAL');
Insert into AUTUACAO.TESE (SEQ_TESE,DSC_TESE,NUM_TESE,TIP_TESE) values ('1147','Agravo em Recurso Extraordinário em que se discute, à luz do art. 114, inciso I da CF/88, a definição da justiça competente para julgar a causa em relação à data da publicação da Lei instituidora do Regime jurídico Único dos servidores, a qual efetivou a transposição do regime celetista para o estatutário.','576','PRE_TEMA');
Insert into AUTUACAO.TESE (SEQ_TESE,DSC_TESE,NUM_TESE,TIP_TESE) values ('3342','Agravo interposto de decisão que não admitiu recurso extraordinário em que se discute, à luz do art. 5º, caput e inciso II, da Constituição Federal, a aplicabilidade dos juros de mora previstos no art. 1º-F da Lei 9.494/1997 aos casos em que a Fazenda Pública é condenada subsidiariamente pelas obrigações trabalhistas inadimplidas pelo empregador principal.','625','REPERCUSSAO_GERAL');
Insert into AUTUACAO.TESE (SEQ_TESE,DSC_TESE,NUM_TESE,TIP_TESE) values ('1315','Recurso extraordinário com agravo em que se discute, à luz dos arts. 37, II, 114, I, da Constituição Federal e do art. 19, §1º, do ADCT, a competência da Justiça do Trabalho para processar e julgar ação que discute a validade, ou não, da mudança do regime jurídico de celetista para estatutário, por meio de lei municipal, de empregado público cujo vínculo com a Administração Pública tenha ocorrido em período anterior à Constituição Federal, sem prévia aprovação em concurso público, e a prescrição em relação aos créditos trabalhistas referentes a período regido pela CLT.','744','PRE_TEMA');
Insert into AUTUACAO.TESE (SEQ_TESE,DSC_TESE,NUM_TESE,TIP_TESE) values ('7104','Recurso extraordinário em que se discute, à luz dos arts. 5º, caput e XXXVI, e 7º, VI e XXVI, da Constituição Federal, a validade, ou não, do cálculo do valor do Complemento de Remuneração Mínima por Nível e Regime devido aos empregados da Petrobrás, previsto na Cláusula 35ª do Acordo Coletivo de Trabalho de 2007/2009, mediante a subtração, no valor desse complemento, dos adicionais inerentes ao trabalho em condições especiais.','795','REPERCUSSAO_GERAL');
Insert into AUTUACAO.TESE (SEQ_TESE,DSC_TESE,NUM_TESE,TIP_TESE) values ('747','Recurso Extraordinário com Agravo em que se discute, à luz dos art. 7º, XI e XXVI; e 8º, III e VI, da Constituição federal, a possibilidade, ou não, de estabelecer participação nos lucros e resultados da empresa, através de norma coletiva, em desacordo com o estabelecido na Lei nº 10.101/00, bem como, constitucionalidade, ou não, de redução do intervalo intrajornada via cláusula coletiva.','176','PRE_TEMA');
Insert into AUTUACAO.TESE (SEQ_TESE,DSC_TESE,NUM_TESE,TIP_TESE) values ('1145','Trata-se de recurso extraordinário com agravo em que se discute, à luz dos arts. 5º, II, 7º, XVI, 8º, III e VI, 37 e 173, § 1º, da Constituição Federal, possibilidade, ou não, de incorporação do pagamento do adicional de 15%, pago em razão de trabalho nos fins de semana, previsto em instrumento coletivo, após a supressão do labor aos sábados. ','574','PRE_TEMA');
Insert into AUTUACAO.TESE (SEQ_TESE,DSC_TESE,NUM_TESE,TIP_TESE) values ('1095','Recurso extraordinário com agravo em que se discute, à luz dos arts. 5º, II e XXXVI, da Constituição Federal, a possibilidade, ou não, de empresa sucessora ser responsabilizada por danos materiais e morais causados à consumidor da empresa sucedida.','524','PRE_TEMA');

Insert into AUTUACAO.TESE_ASSUNTO (SEQ_TESE,COD_ASSUNTO) values ('56','10604');
Insert into AUTUACAO.TESE_ASSUNTO (SEQ_TESE,COD_ASSUNTO) values ('5462','10891');
Insert into AUTUACAO.TESE_ASSUNTO (SEQ_TESE,COD_ASSUNTO) values ('432','10891');
Insert into AUTUACAO.TESE_ASSUNTO (SEQ_TESE,COD_ASSUNTO) values ('441','10904');
Insert into AUTUACAO.TESE_ASSUNTO (SEQ_TESE,COD_ASSUNTO) values ('170','10912');
Insert into AUTUACAO.TESE_ASSUNTO (SEQ_TESE,COD_ASSUNTO) values ('1147','4291');
Insert into AUTUACAO.TESE_ASSUNTO (SEQ_TESE,COD_ASSUNTO) values ('313','4291');
Insert into AUTUACAO.TESE_ASSUNTO (SEQ_TESE,COD_ASSUNTO) values ('170','4291');
Insert into AUTUACAO.TESE_ASSUNTO (SEQ_TESE,COD_ASSUNTO) values ('1845','4355');
Insert into AUTUACAO.TESE_ASSUNTO (SEQ_TESE,COD_ASSUNTO) values ('1001','4355');
Insert into AUTUACAO.TESE_ASSUNTO (SEQ_TESE,COD_ASSUNTO) values ('173','4368');
Insert into AUTUACAO.TESE_ASSUNTO (SEQ_TESE,COD_ASSUNTO) values ('2722','7928');
Insert into AUTUACAO.TESE_ASSUNTO (SEQ_TESE,COD_ASSUNTO) values ('1036','7928');
Insert into AUTUACAO.TESE_ASSUNTO (SEQ_TESE,COD_ASSUNTO) values ('350','7928');
Insert into AUTUACAO.TESE_ASSUNTO (SEQ_TESE,COD_ASSUNTO) values ('350','7929');
Insert into AUTUACAO.TESE_ASSUNTO (SEQ_TESE,COD_ASSUNTO) values ('3362','7942');
Insert into AUTUACAO.TESE_ASSUNTO (SEQ_TESE,COD_ASSUNTO) values ('441','7942');
Insert into AUTUACAO.TESE_ASSUNTO (SEQ_TESE,COD_ASSUNTO) values ('8162','10952');
Insert into AUTUACAO.TESE_ASSUNTO (SEQ_TESE,COD_ASSUNTO) values ('3362','3603');
Insert into AUTUACAO.TESE_ASSUNTO (SEQ_TESE,COD_ASSUNTO) values ('6582','5555');
Insert into AUTUACAO.TESE_ASSUNTO (SEQ_TESE,COD_ASSUNTO) values ('8243','864');
Insert into AUTUACAO.TESE_ASSUNTO (SEQ_TESE,COD_ASSUNTO) values ('3342','864');
Insert into AUTUACAO.TESE_ASSUNTO (SEQ_TESE,COD_ASSUNTO) values ('2962','864');
Insert into AUTUACAO.TESE_ASSUNTO (SEQ_TESE,COD_ASSUNTO) values ('2582','864');
Insert into AUTUACAO.TESE_ASSUNTO (SEQ_TESE,COD_ASSUNTO) values ('2582','10568');
Insert into AUTUACAO.TESE_ASSUNTO (SEQ_TESE,COD_ASSUNTO) values ('1882','10568');
Insert into AUTUACAO.TESE_ASSUNTO (SEQ_TESE,COD_ASSUNTO) values ('1315','10568');
Insert into AUTUACAO.TESE_ASSUNTO (SEQ_TESE,COD_ASSUNTO) values ('1160','10568');
Insert into AUTUACAO.TESE_ASSUNTO (SEQ_TESE,COD_ASSUNTO) values ('1158','10568');
Insert into AUTUACAO.TESE_ASSUNTO (SEQ_TESE,COD_ASSUNTO) values ('1148','10568');
Insert into AUTUACAO.TESE_ASSUNTO (SEQ_TESE,COD_ASSUNTO) values ('1067','10568');
Insert into AUTUACAO.TESE_ASSUNTO (SEQ_TESE,COD_ASSUNTO) values ('1037','10568');
Insert into AUTUACAO.TESE_ASSUNTO (SEQ_TESE,COD_ASSUNTO) values ('847','10568');
Insert into AUTUACAO.TESE_ASSUNTO (SEQ_TESE,COD_ASSUNTO) values ('819','10568');
Insert into AUTUACAO.TESE_ASSUNTO (SEQ_TESE,COD_ASSUNTO) values ('749','10568');
Insert into AUTUACAO.TESE_ASSUNTO (SEQ_TESE,COD_ASSUNTO) values ('741','10568');
Insert into AUTUACAO.TESE_ASSUNTO (SEQ_TESE,COD_ASSUNTO) values ('7963','1695');
Insert into AUTUACAO.TESE_ASSUNTO (SEQ_TESE,COD_ASSUNTO) values ('7104','1695');
Insert into AUTUACAO.TESE_ASSUNTO (SEQ_TESE,COD_ASSUNTO) values ('3762','1695');
Insert into AUTUACAO.TESE_ASSUNTO (SEQ_TESE,COD_ASSUNTO) values ('2704','1695');
Insert into AUTUACAO.TESE_ASSUNTO (SEQ_TESE,COD_ASSUNTO) values ('1852','1695');
Insert into AUTUACAO.TESE_ASSUNTO (SEQ_TESE,COD_ASSUNTO) values ('1492','1695');
Insert into AUTUACAO.TESE_ASSUNTO (SEQ_TESE,COD_ASSUNTO) values ('1334','1695');
Insert into AUTUACAO.TESE_ASSUNTO (SEQ_TESE,COD_ASSUNTO) values ('1155','1695');
Insert into AUTUACAO.TESE_ASSUNTO (SEQ_TESE,COD_ASSUNTO) values ('1145','1695');
Insert into AUTUACAO.TESE_ASSUNTO (SEQ_TESE,COD_ASSUNTO) values ('880','1695');
Insert into AUTUACAO.TESE_ASSUNTO (SEQ_TESE,COD_ASSUNTO) values ('747','1695');
Insert into AUTUACAO.TESE_ASSUNTO (SEQ_TESE,COD_ASSUNTO) values ('1340','1697');
Insert into AUTUACAO.TESE_ASSUNTO (SEQ_TESE,COD_ASSUNTO) values ('3342','1937');
Insert into AUTUACAO.TESE_ASSUNTO (SEQ_TESE,COD_ASSUNTO) values ('1672','1937');
Insert into AUTUACAO.TESE_ASSUNTO (SEQ_TESE,COD_ASSUNTO) values ('748','1937');
Insert into AUTUACAO.TESE_ASSUNTO (SEQ_TESE,COD_ASSUNTO) values ('346','1937');
Insert into AUTUACAO.TESE_ASSUNTO (SEQ_TESE,COD_ASSUNTO) values ('195','2567');
Insert into AUTUACAO.TESE_ASSUNTO (SEQ_TESE,COD_ASSUNTO) values ('8102','2581');
Insert into AUTUACAO.TESE_ASSUNTO (SEQ_TESE,COD_ASSUNTO) values ('1886','2581');
Insert into AUTUACAO.TESE_ASSUNTO (SEQ_TESE,COD_ASSUNTO) values ('1663','2581');
Insert into AUTUACAO.TESE_ASSUNTO (SEQ_TESE,COD_ASSUNTO) values ('1637','2581');
Insert into AUTUACAO.TESE_ASSUNTO (SEQ_TESE,COD_ASSUNTO) values ('1460','2581');
Insert into AUTUACAO.TESE_ASSUNTO (SEQ_TESE,COD_ASSUNTO) values ('1315','2581');
Insert into AUTUACAO.TESE_ASSUNTO (SEQ_TESE,COD_ASSUNTO) values ('1267','2581');
Insert into AUTUACAO.TESE_ASSUNTO (SEQ_TESE,COD_ASSUNTO) values ('850','2581');
Insert into AUTUACAO.TESE_ASSUNTO (SEQ_TESE,COD_ASSUNTO) values ('839','2581');
Insert into AUTUACAO.TESE_ASSUNTO (SEQ_TESE,COD_ASSUNTO) values ('814','2581');
Insert into AUTUACAO.TESE_ASSUNTO (SEQ_TESE,COD_ASSUNTO) values ('747','2581');
Insert into AUTUACAO.TESE_ASSUNTO (SEQ_TESE,COD_ASSUNTO) values ('741','2581');
Insert into AUTUACAO.TESE_ASSUNTO (SEQ_TESE,COD_ASSUNTO) values ('224','2581');
Insert into AUTUACAO.TESE_ASSUNTO (SEQ_TESE,COD_ASSUNTO) values ('1781','2620');
Insert into AUTUACAO.TESE_ASSUNTO (SEQ_TESE,COD_ASSUNTO) values ('1887','2622');
Insert into AUTUACAO.TESE_ASSUNTO (SEQ_TESE,COD_ASSUNTO) values ('1882','2622');
Insert into AUTUACAO.TESE_ASSUNTO (SEQ_TESE,COD_ASSUNTO) values ('1781','2622');
Insert into AUTUACAO.TESE_ASSUNTO (SEQ_TESE,COD_ASSUNTO) values ('1082','2622');
Insert into AUTUACAO.TESE_ASSUNTO (SEQ_TESE,COD_ASSUNTO) values ('1446','7628');
Insert into AUTUACAO.TESE_ASSUNTO (SEQ_TESE,COD_ASSUNTO) values ('1526','7639');
Insert into AUTUACAO.TESE_ASSUNTO (SEQ_TESE,COD_ASSUNTO) values ('516','7639');
Insert into AUTUACAO.TESE_ASSUNTO (SEQ_TESE,COD_ASSUNTO) values ('1903','899');
Insert into AUTUACAO.TESE_ASSUNTO (SEQ_TESE,COD_ASSUNTO) values ('1691','10431');
Insert into AUTUACAO.TESE_ASSUNTO (SEQ_TESE,COD_ASSUNTO) values ('1516','10431');
Insert into AUTUACAO.TESE_ASSUNTO (SEQ_TESE,COD_ASSUNTO) values ('1322','10431');
Insert into AUTUACAO.TESE_ASSUNTO (SEQ_TESE,COD_ASSUNTO) values ('1121','10431');
Insert into AUTUACAO.TESE_ASSUNTO (SEQ_TESE,COD_ASSUNTO) values ('1095','10431');
Insert into AUTUACAO.TESE_ASSUNTO (SEQ_TESE,COD_ASSUNTO) values ('817','10431');
Insert into AUTUACAO.TESE_ASSUNTO (SEQ_TESE,COD_ASSUNTO) values ('531','10431');
Insert into AUTUACAO.TESE_ASSUNTO (SEQ_TESE,COD_ASSUNTO) values ('1903','7681');
Insert into AUTUACAO.TESE_ASSUNTO (SEQ_TESE,COD_ASSUNTO) values ('1516','7681');
Insert into AUTUACAO.TESE_ASSUNTO (SEQ_TESE,COD_ASSUNTO) values ('1617','9981');
Insert into AUTUACAO.TESE_ASSUNTO (SEQ_TESE,COD_ASSUNTO) values ('1354','9981');
Insert into AUTUACAO.TESE_ASSUNTO (SEQ_TESE,COD_ASSUNTO) values ('771','9981');
Insert into AUTUACAO.TESE_ASSUNTO (SEQ_TESE,COD_ASSUNTO) values ('452','9981');

Insert into AUTUACAO.TRIBUNAL_JUIZO (COD_TRIBUNAL_JUIZO,NOM_TRIBUNAL_JUIZO) values ('90','TRIBUNAL REGIONAL DO TRABALHO');
Insert into AUTUACAO.TRIBUNAL_JUIZO (COD_TRIBUNAL_JUIZO,NOM_TRIBUNAL_JUIZO) values ('4047','TRIBUNAL REGIONAL FEDERAL DA 3ª REGIAO');
Insert into AUTUACAO.TRIBUNAL_JUIZO (COD_TRIBUNAL_JUIZO,NOM_TRIBUNAL_JUIZO) values ('4048','TRIBUNAL REGIONAL FEDERAL DA 2ª REGIÃO');
Insert into AUTUACAO.TRIBUNAL_JUIZO (COD_TRIBUNAL_JUIZO,NOM_TRIBUNAL_JUIZO) values ('4049','TRIBUNAL REGIONAL FEDERAL DA 1ª REGIAO');
Insert into AUTUACAO.TRIBUNAL_JUIZO (COD_TRIBUNAL_JUIZO,NOM_TRIBUNAL_JUIZO) values ('4050','TRIBUNAL REGIONAL FEDERAL DA 4ª REGIÃO ');
Insert into AUTUACAO.TRIBUNAL_JUIZO (COD_TRIBUNAL_JUIZO,NOM_TRIBUNAL_JUIZO) values ('4051','TRIBUNAL REGIONAL FEDERAL DA 5ª REGIAO');
Insert into AUTUACAO.TRIBUNAL_JUIZO (COD_TRIBUNAL_JUIZO,NOM_TRIBUNAL_JUIZO) values ('5161','TRIBUNAL DE JUSTIÇA MILITAR ESTADUAL');
Insert into AUTUACAO.TRIBUNAL_JUIZO (COD_TRIBUNAL_JUIZO,NOM_TRIBUNAL_JUIZO) values ('5171','SUPERIOR TRIBUNAL MILITAR');
Insert into AUTUACAO.TRIBUNAL_JUIZO (COD_TRIBUNAL_JUIZO,NOM_TRIBUNAL_JUIZO) values ('5175','JUIZ ELEITORAL');
Insert into AUTUACAO.TRIBUNAL_JUIZO (COD_TRIBUNAL_JUIZO,NOM_TRIBUNAL_JUIZO) values ('5177','JUIZ DE DIREITO');
Insert into AUTUACAO.TRIBUNAL_JUIZO (COD_TRIBUNAL_JUIZO,NOM_TRIBUNAL_JUIZO) values ('5179','SUPREMO TRIBUNAL FEDERAL');
Insert into AUTUACAO.TRIBUNAL_JUIZO (COD_TRIBUNAL_JUIZO,NOM_TRIBUNAL_JUIZO) values ('5184','TRIBUNAL REGIONAL ELEITORAL');
Insert into AUTUACAO.TRIBUNAL_JUIZO (COD_TRIBUNAL_JUIZO,NOM_TRIBUNAL_JUIZO) values ('5185','TRIBUNAL SUPERIOR ELEITORAL');
Insert into AUTUACAO.TRIBUNAL_JUIZO (COD_TRIBUNAL_JUIZO,NOM_TRIBUNAL_JUIZO) values ('5186','SUPERIOR TRIBUNAL DE JUSTIÇA');
Insert into AUTUACAO.TRIBUNAL_JUIZO (COD_TRIBUNAL_JUIZO,NOM_TRIBUNAL_JUIZO) values ('5187','TRIBUNAL DE JUSTIÇA ESTADUAL');
Insert into AUTUACAO.TRIBUNAL_JUIZO (COD_TRIBUNAL_JUIZO,NOM_TRIBUNAL_JUIZO) values ('5188','TRIBUNAL SUPERIOR DO TRABALHO');
Insert into AUTUACAO.TRIBUNAL_JUIZO (COD_TRIBUNAL_JUIZO,NOM_TRIBUNAL_JUIZO) values ('5192','TURMA RECURSAL DE JUIZADOS ESPECIAIS ESTADUAIS');
Insert into AUTUACAO.TRIBUNAL_JUIZO (COD_TRIBUNAL_JUIZO,NOM_TRIBUNAL_JUIZO) values ('6685','CONSELHO NACIONAL DE JUSTIÇA');
Insert into AUTUACAO.TRIBUNAL_JUIZO (COD_TRIBUNAL_JUIZO,NOM_TRIBUNAL_JUIZO) values ('8016','TURMA RECURSAL DOS JUIZADOS ESPECIAIS FEDERAIS');

Insert into AUTUACAO.TRIBUNAL_JUIZO_ATUACAO (COD_TRIBUNAL_JUIZO,SEQ_UNIDADE_FEDERACAO) values ('90','1');
Insert into AUTUACAO.TRIBUNAL_JUIZO_ATUACAO (COD_TRIBUNAL_JUIZO,SEQ_UNIDADE_FEDERACAO) values ('90','2');
Insert into AUTUACAO.TRIBUNAL_JUIZO_ATUACAO (COD_TRIBUNAL_JUIZO,SEQ_UNIDADE_FEDERACAO) values ('90','4');
Insert into AUTUACAO.TRIBUNAL_JUIZO_ATUACAO (COD_TRIBUNAL_JUIZO,SEQ_UNIDADE_FEDERACAO) values ('90','19');
Insert into AUTUACAO.TRIBUNAL_JUIZO_ATUACAO (COD_TRIBUNAL_JUIZO,SEQ_UNIDADE_FEDERACAO) values ('90','3');
Insert into AUTUACAO.TRIBUNAL_JUIZO_ATUACAO (COD_TRIBUNAL_JUIZO,SEQ_UNIDADE_FEDERACAO) values ('90','5');
Insert into AUTUACAO.TRIBUNAL_JUIZO_ATUACAO (COD_TRIBUNAL_JUIZO,SEQ_UNIDADE_FEDERACAO) values ('90','6');
Insert into AUTUACAO.TRIBUNAL_JUIZO_ATUACAO (COD_TRIBUNAL_JUIZO,SEQ_UNIDADE_FEDERACAO) values ('90','7');
Insert into AUTUACAO.TRIBUNAL_JUIZO_ATUACAO (COD_TRIBUNAL_JUIZO,SEQ_UNIDADE_FEDERACAO) values ('90','8');
Insert into AUTUACAO.TRIBUNAL_JUIZO_ATUACAO (COD_TRIBUNAL_JUIZO,SEQ_UNIDADE_FEDERACAO) values ('90','9');
Insert into AUTUACAO.TRIBUNAL_JUIZO_ATUACAO (COD_TRIBUNAL_JUIZO,SEQ_UNIDADE_FEDERACAO) values ('90','10');
Insert into AUTUACAO.TRIBUNAL_JUIZO_ATUACAO (COD_TRIBUNAL_JUIZO,SEQ_UNIDADE_FEDERACAO) values ('90','13');
Insert into AUTUACAO.TRIBUNAL_JUIZO_ATUACAO (COD_TRIBUNAL_JUIZO,SEQ_UNIDADE_FEDERACAO) values ('90','12');
Insert into AUTUACAO.TRIBUNAL_JUIZO_ATUACAO (COD_TRIBUNAL_JUIZO,SEQ_UNIDADE_FEDERACAO) values ('90','11');
Insert into AUTUACAO.TRIBUNAL_JUIZO_ATUACAO (COD_TRIBUNAL_JUIZO,SEQ_UNIDADE_FEDERACAO) values ('90','14');
Insert into AUTUACAO.TRIBUNAL_JUIZO_ATUACAO (COD_TRIBUNAL_JUIZO,SEQ_UNIDADE_FEDERACAO) values ('90','15');
Insert into AUTUACAO.TRIBUNAL_JUIZO_ATUACAO (COD_TRIBUNAL_JUIZO,SEQ_UNIDADE_FEDERACAO) values ('90','18');
Insert into AUTUACAO.TRIBUNAL_JUIZO_ATUACAO (COD_TRIBUNAL_JUIZO,SEQ_UNIDADE_FEDERACAO) values ('90','16');
Insert into AUTUACAO.TRIBUNAL_JUIZO_ATUACAO (COD_TRIBUNAL_JUIZO,SEQ_UNIDADE_FEDERACAO) values ('90','17');
Insert into AUTUACAO.TRIBUNAL_JUIZO_ATUACAO (COD_TRIBUNAL_JUIZO,SEQ_UNIDADE_FEDERACAO) values ('90','20');
Insert into AUTUACAO.TRIBUNAL_JUIZO_ATUACAO (COD_TRIBUNAL_JUIZO,SEQ_UNIDADE_FEDERACAO) values ('90','23');
Insert into AUTUACAO.TRIBUNAL_JUIZO_ATUACAO (COD_TRIBUNAL_JUIZO,SEQ_UNIDADE_FEDERACAO) values ('90','21');
Insert into AUTUACAO.TRIBUNAL_JUIZO_ATUACAO (COD_TRIBUNAL_JUIZO,SEQ_UNIDADE_FEDERACAO) values ('90','22');
Insert into AUTUACAO.TRIBUNAL_JUIZO_ATUACAO (COD_TRIBUNAL_JUIZO,SEQ_UNIDADE_FEDERACAO) values ('90','24');
Insert into AUTUACAO.TRIBUNAL_JUIZO_ATUACAO (COD_TRIBUNAL_JUIZO,SEQ_UNIDADE_FEDERACAO) values ('90','26');
Insert into AUTUACAO.TRIBUNAL_JUIZO_ATUACAO (COD_TRIBUNAL_JUIZO,SEQ_UNIDADE_FEDERACAO) values ('90','25');
Insert into AUTUACAO.TRIBUNAL_JUIZO_ATUACAO (COD_TRIBUNAL_JUIZO,SEQ_UNIDADE_FEDERACAO) values ('90','27');
Insert into AUTUACAO.TRIBUNAL_JUIZO_ATUACAO (COD_TRIBUNAL_JUIZO,SEQ_UNIDADE_FEDERACAO) values ('4047','12');
Insert into AUTUACAO.TRIBUNAL_JUIZO_ATUACAO (COD_TRIBUNAL_JUIZO,SEQ_UNIDADE_FEDERACAO) values ('4047','26');
Insert into AUTUACAO.TRIBUNAL_JUIZO_ATUACAO (COD_TRIBUNAL_JUIZO,SEQ_UNIDADE_FEDERACAO) values ('4048','19');
Insert into AUTUACAO.TRIBUNAL_JUIZO_ATUACAO (COD_TRIBUNAL_JUIZO,SEQ_UNIDADE_FEDERACAO) values ('4048','8');
Insert into AUTUACAO.TRIBUNAL_JUIZO_ATUACAO (COD_TRIBUNAL_JUIZO,SEQ_UNIDADE_FEDERACAO) values ('5184','27');
Insert into AUTUACAO.TRIBUNAL_JUIZO_ATUACAO (COD_TRIBUNAL_JUIZO,SEQ_UNIDADE_FEDERACAO) values ('5185','1');
Insert into AUTUACAO.TRIBUNAL_JUIZO_ATUACAO (COD_TRIBUNAL_JUIZO,SEQ_UNIDADE_FEDERACAO) values ('5185','2');
Insert into AUTUACAO.TRIBUNAL_JUIZO_ATUACAO (COD_TRIBUNAL_JUIZO,SEQ_UNIDADE_FEDERACAO) values ('5185','4');
Insert into AUTUACAO.TRIBUNAL_JUIZO_ATUACAO (COD_TRIBUNAL_JUIZO,SEQ_UNIDADE_FEDERACAO) values ('5185','19');
Insert into AUTUACAO.TRIBUNAL_JUIZO_ATUACAO (COD_TRIBUNAL_JUIZO,SEQ_UNIDADE_FEDERACAO) values ('5185','3');
Insert into AUTUACAO.TRIBUNAL_JUIZO_ATUACAO (COD_TRIBUNAL_JUIZO,SEQ_UNIDADE_FEDERACAO) values ('5185','5');
Insert into AUTUACAO.TRIBUNAL_JUIZO_ATUACAO (COD_TRIBUNAL_JUIZO,SEQ_UNIDADE_FEDERACAO) values ('5185','6');
Insert into AUTUACAO.TRIBUNAL_JUIZO_ATUACAO (COD_TRIBUNAL_JUIZO,SEQ_UNIDADE_FEDERACAO) values ('5185','7');
Insert into AUTUACAO.TRIBUNAL_JUIZO_ATUACAO (COD_TRIBUNAL_JUIZO,SEQ_UNIDADE_FEDERACAO) values ('5185','8');
Insert into AUTUACAO.TRIBUNAL_JUIZO_ATUACAO (COD_TRIBUNAL_JUIZO,SEQ_UNIDADE_FEDERACAO) values ('5185','9');
Insert into AUTUACAO.TRIBUNAL_JUIZO_ATUACAO (COD_TRIBUNAL_JUIZO,SEQ_UNIDADE_FEDERACAO) values ('5185','10');
Insert into AUTUACAO.TRIBUNAL_JUIZO_ATUACAO (COD_TRIBUNAL_JUIZO,SEQ_UNIDADE_FEDERACAO) values ('5185','13');
Insert into AUTUACAO.TRIBUNAL_JUIZO_ATUACAO (COD_TRIBUNAL_JUIZO,SEQ_UNIDADE_FEDERACAO) values ('5185','12');
Insert into AUTUACAO.TRIBUNAL_JUIZO_ATUACAO (COD_TRIBUNAL_JUIZO,SEQ_UNIDADE_FEDERACAO) values ('5185','11');
Insert into AUTUACAO.TRIBUNAL_JUIZO_ATUACAO (COD_TRIBUNAL_JUIZO,SEQ_UNIDADE_FEDERACAO) values ('5185','14');
Insert into AUTUACAO.TRIBUNAL_JUIZO_ATUACAO (COD_TRIBUNAL_JUIZO,SEQ_UNIDADE_FEDERACAO) values ('5185','15');
Insert into AUTUACAO.TRIBUNAL_JUIZO_ATUACAO (COD_TRIBUNAL_JUIZO,SEQ_UNIDADE_FEDERACAO) values ('5185','18');
Insert into AUTUACAO.TRIBUNAL_JUIZO_ATUACAO (COD_TRIBUNAL_JUIZO,SEQ_UNIDADE_FEDERACAO) values ('5185','16');
Insert into AUTUACAO.TRIBUNAL_JUIZO_ATUACAO (COD_TRIBUNAL_JUIZO,SEQ_UNIDADE_FEDERACAO) values ('5185','17');
Insert into AUTUACAO.TRIBUNAL_JUIZO_ATUACAO (COD_TRIBUNAL_JUIZO,SEQ_UNIDADE_FEDERACAO) values ('5185','20');
Insert into AUTUACAO.TRIBUNAL_JUIZO_ATUACAO (COD_TRIBUNAL_JUIZO,SEQ_UNIDADE_FEDERACAO) values ('5185','23');
Insert into AUTUACAO.TRIBUNAL_JUIZO_ATUACAO (COD_TRIBUNAL_JUIZO,SEQ_UNIDADE_FEDERACAO) values ('5185','21');
Insert into AUTUACAO.TRIBUNAL_JUIZO_ATUACAO (COD_TRIBUNAL_JUIZO,SEQ_UNIDADE_FEDERACAO) values ('5185','22');
Insert into AUTUACAO.TRIBUNAL_JUIZO_ATUACAO (COD_TRIBUNAL_JUIZO,SEQ_UNIDADE_FEDERACAO) values ('5185','24');
Insert into AUTUACAO.TRIBUNAL_JUIZO_ATUACAO (COD_TRIBUNAL_JUIZO,SEQ_UNIDADE_FEDERACAO) values ('5185','26');
Insert into AUTUACAO.TRIBUNAL_JUIZO_ATUACAO (COD_TRIBUNAL_JUIZO,SEQ_UNIDADE_FEDERACAO) values ('5185','25');
Insert into AUTUACAO.TRIBUNAL_JUIZO_ATUACAO (COD_TRIBUNAL_JUIZO,SEQ_UNIDADE_FEDERACAO) values ('5185','27');
Insert into AUTUACAO.TRIBUNAL_JUIZO_ATUACAO (COD_TRIBUNAL_JUIZO,SEQ_UNIDADE_FEDERACAO) values ('5186','1');
Insert into AUTUACAO.TRIBUNAL_JUIZO_ATUACAO (COD_TRIBUNAL_JUIZO,SEQ_UNIDADE_FEDERACAO) values ('5186','2');
Insert into AUTUACAO.TRIBUNAL_JUIZO_ATUACAO (COD_TRIBUNAL_JUIZO,SEQ_UNIDADE_FEDERACAO) values ('5186','4');
Insert into AUTUACAO.TRIBUNAL_JUIZO_ATUACAO (COD_TRIBUNAL_JUIZO,SEQ_UNIDADE_FEDERACAO) values ('5186','19');
Insert into AUTUACAO.TRIBUNAL_JUIZO_ATUACAO (COD_TRIBUNAL_JUIZO,SEQ_UNIDADE_FEDERACAO) values ('5186','3');
Insert into AUTUACAO.TRIBUNAL_JUIZO_ATUACAO (COD_TRIBUNAL_JUIZO,SEQ_UNIDADE_FEDERACAO) values ('5186','5');
Insert into AUTUACAO.TRIBUNAL_JUIZO_ATUACAO (COD_TRIBUNAL_JUIZO,SEQ_UNIDADE_FEDERACAO) values ('5186','6');
Insert into AUTUACAO.TRIBUNAL_JUIZO_ATUACAO (COD_TRIBUNAL_JUIZO,SEQ_UNIDADE_FEDERACAO) values ('5186','7');
Insert into AUTUACAO.TRIBUNAL_JUIZO_ATUACAO (COD_TRIBUNAL_JUIZO,SEQ_UNIDADE_FEDERACAO) values ('5186','8');
Insert into AUTUACAO.TRIBUNAL_JUIZO_ATUACAO (COD_TRIBUNAL_JUIZO,SEQ_UNIDADE_FEDERACAO) values ('5186','9');
Insert into AUTUACAO.TRIBUNAL_JUIZO_ATUACAO (COD_TRIBUNAL_JUIZO,SEQ_UNIDADE_FEDERACAO) values ('5186','10');
Insert into AUTUACAO.TRIBUNAL_JUIZO_ATUACAO (COD_TRIBUNAL_JUIZO,SEQ_UNIDADE_FEDERACAO) values ('5186','13');
Insert into AUTUACAO.TRIBUNAL_JUIZO_ATUACAO (COD_TRIBUNAL_JUIZO,SEQ_UNIDADE_FEDERACAO) values ('5186','12');
Insert into AUTUACAO.TRIBUNAL_JUIZO_ATUACAO (COD_TRIBUNAL_JUIZO,SEQ_UNIDADE_FEDERACAO) values ('5186','11');
Insert into AUTUACAO.TRIBUNAL_JUIZO_ATUACAO (COD_TRIBUNAL_JUIZO,SEQ_UNIDADE_FEDERACAO) values ('5186','14');
Insert into AUTUACAO.TRIBUNAL_JUIZO_ATUACAO (COD_TRIBUNAL_JUIZO,SEQ_UNIDADE_FEDERACAO) values ('5186','15');
Insert into AUTUACAO.TRIBUNAL_JUIZO_ATUACAO (COD_TRIBUNAL_JUIZO,SEQ_UNIDADE_FEDERACAO) values ('5186','18');
Insert into AUTUACAO.TRIBUNAL_JUIZO_ATUACAO (COD_TRIBUNAL_JUIZO,SEQ_UNIDADE_FEDERACAO) values ('5186','16');
Insert into AUTUACAO.TRIBUNAL_JUIZO_ATUACAO (COD_TRIBUNAL_JUIZO,SEQ_UNIDADE_FEDERACAO) values ('5186','17');
Insert into AUTUACAO.TRIBUNAL_JUIZO_ATUACAO (COD_TRIBUNAL_JUIZO,SEQ_UNIDADE_FEDERACAO) values ('5186','20');
Insert into AUTUACAO.TRIBUNAL_JUIZO_ATUACAO (COD_TRIBUNAL_JUIZO,SEQ_UNIDADE_FEDERACAO) values ('5186','23');
Insert into AUTUACAO.TRIBUNAL_JUIZO_ATUACAO (COD_TRIBUNAL_JUIZO,SEQ_UNIDADE_FEDERACAO) values ('5186','21');
Insert into AUTUACAO.TRIBUNAL_JUIZO_ATUACAO (COD_TRIBUNAL_JUIZO,SEQ_UNIDADE_FEDERACAO) values ('5186','22');
Insert into AUTUACAO.TRIBUNAL_JUIZO_ATUACAO (COD_TRIBUNAL_JUIZO,SEQ_UNIDADE_FEDERACAO) values ('5186','24');
Insert into AUTUACAO.TRIBUNAL_JUIZO_ATUACAO (COD_TRIBUNAL_JUIZO,SEQ_UNIDADE_FEDERACAO) values ('5186','26');
Insert into AUTUACAO.TRIBUNAL_JUIZO_ATUACAO (COD_TRIBUNAL_JUIZO,SEQ_UNIDADE_FEDERACAO) values ('5186','25');
Insert into AUTUACAO.TRIBUNAL_JUIZO_ATUACAO (COD_TRIBUNAL_JUIZO,SEQ_UNIDADE_FEDERACAO) values ('5186','27');
Insert into AUTUACAO.TRIBUNAL_JUIZO_ATUACAO (COD_TRIBUNAL_JUIZO,SEQ_UNIDADE_FEDERACAO) values ('5187','1');
Insert into AUTUACAO.TRIBUNAL_JUIZO_ATUACAO (COD_TRIBUNAL_JUIZO,SEQ_UNIDADE_FEDERACAO) values ('5187','2');
Insert into AUTUACAO.TRIBUNAL_JUIZO_ATUACAO (COD_TRIBUNAL_JUIZO,SEQ_UNIDADE_FEDERACAO) values ('5187','4');
Insert into AUTUACAO.TRIBUNAL_JUIZO_ATUACAO (COD_TRIBUNAL_JUIZO,SEQ_UNIDADE_FEDERACAO) values ('5187','19');
Insert into AUTUACAO.TRIBUNAL_JUIZO_ATUACAO (COD_TRIBUNAL_JUIZO,SEQ_UNIDADE_FEDERACAO) values ('5187','3');
Insert into AUTUACAO.TRIBUNAL_JUIZO_ATUACAO (COD_TRIBUNAL_JUIZO,SEQ_UNIDADE_FEDERACAO) values ('5187','5');
Insert into AUTUACAO.TRIBUNAL_JUIZO_ATUACAO (COD_TRIBUNAL_JUIZO,SEQ_UNIDADE_FEDERACAO) values ('5187','6');
Insert into AUTUACAO.TRIBUNAL_JUIZO_ATUACAO (COD_TRIBUNAL_JUIZO,SEQ_UNIDADE_FEDERACAO) values ('5187','7');
Insert into AUTUACAO.TRIBUNAL_JUIZO_ATUACAO (COD_TRIBUNAL_JUIZO,SEQ_UNIDADE_FEDERACAO) values ('5187','8');
Insert into AUTUACAO.TRIBUNAL_JUIZO_ATUACAO (COD_TRIBUNAL_JUIZO,SEQ_UNIDADE_FEDERACAO) values ('5187','9');
Insert into AUTUACAO.TRIBUNAL_JUIZO_ATUACAO (COD_TRIBUNAL_JUIZO,SEQ_UNIDADE_FEDERACAO) values ('5187','10');
Insert into AUTUACAO.TRIBUNAL_JUIZO_ATUACAO (COD_TRIBUNAL_JUIZO,SEQ_UNIDADE_FEDERACAO) values ('5187','13');
Insert into AUTUACAO.TRIBUNAL_JUIZO_ATUACAO (COD_TRIBUNAL_JUIZO,SEQ_UNIDADE_FEDERACAO) values ('5187','12');
Insert into AUTUACAO.TRIBUNAL_JUIZO_ATUACAO (COD_TRIBUNAL_JUIZO,SEQ_UNIDADE_FEDERACAO) values ('5187','11');
Insert into AUTUACAO.TRIBUNAL_JUIZO_ATUACAO (COD_TRIBUNAL_JUIZO,SEQ_UNIDADE_FEDERACAO) values ('5187','14');
Insert into AUTUACAO.TRIBUNAL_JUIZO_ATUACAO (COD_TRIBUNAL_JUIZO,SEQ_UNIDADE_FEDERACAO) values ('5187','15');
Insert into AUTUACAO.TRIBUNAL_JUIZO_ATUACAO (COD_TRIBUNAL_JUIZO,SEQ_UNIDADE_FEDERACAO) values ('5187','18');
Insert into AUTUACAO.TRIBUNAL_JUIZO_ATUACAO (COD_TRIBUNAL_JUIZO,SEQ_UNIDADE_FEDERACAO) values ('5187','16');
Insert into AUTUACAO.TRIBUNAL_JUIZO_ATUACAO (COD_TRIBUNAL_JUIZO,SEQ_UNIDADE_FEDERACAO) values ('5187','17');
Insert into AUTUACAO.TRIBUNAL_JUIZO_ATUACAO (COD_TRIBUNAL_JUIZO,SEQ_UNIDADE_FEDERACAO) values ('5187','20');
Insert into AUTUACAO.TRIBUNAL_JUIZO_ATUACAO (COD_TRIBUNAL_JUIZO,SEQ_UNIDADE_FEDERACAO) values ('5187','23');
Insert into AUTUACAO.TRIBUNAL_JUIZO_ATUACAO (COD_TRIBUNAL_JUIZO,SEQ_UNIDADE_FEDERACAO) values ('5187','21');
Insert into AUTUACAO.TRIBUNAL_JUIZO_ATUACAO (COD_TRIBUNAL_JUIZO,SEQ_UNIDADE_FEDERACAO) values ('5187','22');
Insert into AUTUACAO.TRIBUNAL_JUIZO_ATUACAO (COD_TRIBUNAL_JUIZO,SEQ_UNIDADE_FEDERACAO) values ('5187','24');
Insert into AUTUACAO.TRIBUNAL_JUIZO_ATUACAO (COD_TRIBUNAL_JUIZO,SEQ_UNIDADE_FEDERACAO) values ('5187','26');
Insert into AUTUACAO.TRIBUNAL_JUIZO_ATUACAO (COD_TRIBUNAL_JUIZO,SEQ_UNIDADE_FEDERACAO) values ('5187','25');
Insert into AUTUACAO.TRIBUNAL_JUIZO_ATUACAO (COD_TRIBUNAL_JUIZO,SEQ_UNIDADE_FEDERACAO) values ('5187','27');
Insert into AUTUACAO.TRIBUNAL_JUIZO_ATUACAO (COD_TRIBUNAL_JUIZO,SEQ_UNIDADE_FEDERACAO) values ('5188','1');
Insert into AUTUACAO.TRIBUNAL_JUIZO_ATUACAO (COD_TRIBUNAL_JUIZO,SEQ_UNIDADE_FEDERACAO) values ('5188','2');
Insert into AUTUACAO.TRIBUNAL_JUIZO_ATUACAO (COD_TRIBUNAL_JUIZO,SEQ_UNIDADE_FEDERACAO) values ('5188','4');
Insert into AUTUACAO.TRIBUNAL_JUIZO_ATUACAO (COD_TRIBUNAL_JUIZO,SEQ_UNIDADE_FEDERACAO) values ('5188','19');
Insert into AUTUACAO.TRIBUNAL_JUIZO_ATUACAO (COD_TRIBUNAL_JUIZO,SEQ_UNIDADE_FEDERACAO) values ('5188','3');
Insert into AUTUACAO.TRIBUNAL_JUIZO_ATUACAO (COD_TRIBUNAL_JUIZO,SEQ_UNIDADE_FEDERACAO) values ('5188','5');
Insert into AUTUACAO.TRIBUNAL_JUIZO_ATUACAO (COD_TRIBUNAL_JUIZO,SEQ_UNIDADE_FEDERACAO) values ('5188','6');
Insert into AUTUACAO.TRIBUNAL_JUIZO_ATUACAO (COD_TRIBUNAL_JUIZO,SEQ_UNIDADE_FEDERACAO) values ('5188','7');
Insert into AUTUACAO.TRIBUNAL_JUIZO_ATUACAO (COD_TRIBUNAL_JUIZO,SEQ_UNIDADE_FEDERACAO) values ('5188','8');
Insert into AUTUACAO.TRIBUNAL_JUIZO_ATUACAO (COD_TRIBUNAL_JUIZO,SEQ_UNIDADE_FEDERACAO) values ('5188','9');
Insert into AUTUACAO.TRIBUNAL_JUIZO_ATUACAO (COD_TRIBUNAL_JUIZO,SEQ_UNIDADE_FEDERACAO) values ('5188','10');
Insert into AUTUACAO.TRIBUNAL_JUIZO_ATUACAO (COD_TRIBUNAL_JUIZO,SEQ_UNIDADE_FEDERACAO) values ('5188','13');
Insert into AUTUACAO.TRIBUNAL_JUIZO_ATUACAO (COD_TRIBUNAL_JUIZO,SEQ_UNIDADE_FEDERACAO) values ('5188','12');
Insert into AUTUACAO.TRIBUNAL_JUIZO_ATUACAO (COD_TRIBUNAL_JUIZO,SEQ_UNIDADE_FEDERACAO) values ('5188','11');
Insert into AUTUACAO.TRIBUNAL_JUIZO_ATUACAO (COD_TRIBUNAL_JUIZO,SEQ_UNIDADE_FEDERACAO) values ('5188','14');
Insert into AUTUACAO.TRIBUNAL_JUIZO_ATUACAO (COD_TRIBUNAL_JUIZO,SEQ_UNIDADE_FEDERACAO) values ('5188','15');
Insert into AUTUACAO.TRIBUNAL_JUIZO_ATUACAO (COD_TRIBUNAL_JUIZO,SEQ_UNIDADE_FEDERACAO) values ('5188','18');
Insert into AUTUACAO.TRIBUNAL_JUIZO_ATUACAO (COD_TRIBUNAL_JUIZO,SEQ_UNIDADE_FEDERACAO) values ('5188','16');
Insert into AUTUACAO.TRIBUNAL_JUIZO_ATUACAO (COD_TRIBUNAL_JUIZO,SEQ_UNIDADE_FEDERACAO) values ('5188','17');
Insert into AUTUACAO.TRIBUNAL_JUIZO_ATUACAO (COD_TRIBUNAL_JUIZO,SEQ_UNIDADE_FEDERACAO) values ('5188','20');
Insert into AUTUACAO.TRIBUNAL_JUIZO_ATUACAO (COD_TRIBUNAL_JUIZO,SEQ_UNIDADE_FEDERACAO) values ('5188','23');
Insert into AUTUACAO.TRIBUNAL_JUIZO_ATUACAO (COD_TRIBUNAL_JUIZO,SEQ_UNIDADE_FEDERACAO) values ('5188','21');
Insert into AUTUACAO.TRIBUNAL_JUIZO_ATUACAO (COD_TRIBUNAL_JUIZO,SEQ_UNIDADE_FEDERACAO) values ('5188','22');
Insert into AUTUACAO.TRIBUNAL_JUIZO_ATUACAO (COD_TRIBUNAL_JUIZO,SEQ_UNIDADE_FEDERACAO) values ('5188','24');
Insert into AUTUACAO.TRIBUNAL_JUIZO_ATUACAO (COD_TRIBUNAL_JUIZO,SEQ_UNIDADE_FEDERACAO) values ('5188','26');
Insert into AUTUACAO.TRIBUNAL_JUIZO_ATUACAO (COD_TRIBUNAL_JUIZO,SEQ_UNIDADE_FEDERACAO) values ('5188','25');
Insert into AUTUACAO.TRIBUNAL_JUIZO_ATUACAO (COD_TRIBUNAL_JUIZO,SEQ_UNIDADE_FEDERACAO) values ('5188','27');
Insert into AUTUACAO.TRIBUNAL_JUIZO_ATUACAO (COD_TRIBUNAL_JUIZO,SEQ_UNIDADE_FEDERACAO) values ('5192','1');
Insert into AUTUACAO.TRIBUNAL_JUIZO_ATUACAO (COD_TRIBUNAL_JUIZO,SEQ_UNIDADE_FEDERACAO) values ('5192','2');
Insert into AUTUACAO.TRIBUNAL_JUIZO_ATUACAO (COD_TRIBUNAL_JUIZO,SEQ_UNIDADE_FEDERACAO) values ('5192','4');
Insert into AUTUACAO.TRIBUNAL_JUIZO_ATUACAO (COD_TRIBUNAL_JUIZO,SEQ_UNIDADE_FEDERACAO) values ('5192','19');
Insert into AUTUACAO.TRIBUNAL_JUIZO_ATUACAO (COD_TRIBUNAL_JUIZO,SEQ_UNIDADE_FEDERACAO) values ('5192','3');
Insert into AUTUACAO.TRIBUNAL_JUIZO_ATUACAO (COD_TRIBUNAL_JUIZO,SEQ_UNIDADE_FEDERACAO) values ('5192','5');
Insert into AUTUACAO.TRIBUNAL_JUIZO_ATUACAO (COD_TRIBUNAL_JUIZO,SEQ_UNIDADE_FEDERACAO) values ('5192','6');
Insert into AUTUACAO.TRIBUNAL_JUIZO_ATUACAO (COD_TRIBUNAL_JUIZO,SEQ_UNIDADE_FEDERACAO) values ('5192','7');
Insert into AUTUACAO.TRIBUNAL_JUIZO_ATUACAO (COD_TRIBUNAL_JUIZO,SEQ_UNIDADE_FEDERACAO) values ('5192','8');
Insert into AUTUACAO.TRIBUNAL_JUIZO_ATUACAO (COD_TRIBUNAL_JUIZO,SEQ_UNIDADE_FEDERACAO) values ('5192','9');
Insert into AUTUACAO.TRIBUNAL_JUIZO_ATUACAO (COD_TRIBUNAL_JUIZO,SEQ_UNIDADE_FEDERACAO) values ('5192','10');
Insert into AUTUACAO.TRIBUNAL_JUIZO_ATUACAO (COD_TRIBUNAL_JUIZO,SEQ_UNIDADE_FEDERACAO) values ('5192','13');
Insert into AUTUACAO.TRIBUNAL_JUIZO_ATUACAO (COD_TRIBUNAL_JUIZO,SEQ_UNIDADE_FEDERACAO) values ('5192','12');
Insert into AUTUACAO.TRIBUNAL_JUIZO_ATUACAO (COD_TRIBUNAL_JUIZO,SEQ_UNIDADE_FEDERACAO) values ('5192','11');
Insert into AUTUACAO.TRIBUNAL_JUIZO_ATUACAO (COD_TRIBUNAL_JUIZO,SEQ_UNIDADE_FEDERACAO) values ('5192','14');
Insert into AUTUACAO.TRIBUNAL_JUIZO_ATUACAO (COD_TRIBUNAL_JUIZO,SEQ_UNIDADE_FEDERACAO) values ('5192','15');
Insert into AUTUACAO.TRIBUNAL_JUIZO_ATUACAO (COD_TRIBUNAL_JUIZO,SEQ_UNIDADE_FEDERACAO) values ('5192','18');
Insert into AUTUACAO.TRIBUNAL_JUIZO_ATUACAO (COD_TRIBUNAL_JUIZO,SEQ_UNIDADE_FEDERACAO) values ('5192','16');
Insert into AUTUACAO.TRIBUNAL_JUIZO_ATUACAO (COD_TRIBUNAL_JUIZO,SEQ_UNIDADE_FEDERACAO) values ('5192','17');
Insert into AUTUACAO.TRIBUNAL_JUIZO_ATUACAO (COD_TRIBUNAL_JUIZO,SEQ_UNIDADE_FEDERACAO) values ('5192','20');
Insert into AUTUACAO.TRIBUNAL_JUIZO_ATUACAO (COD_TRIBUNAL_JUIZO,SEQ_UNIDADE_FEDERACAO) values ('5192','23');
Insert into AUTUACAO.TRIBUNAL_JUIZO_ATUACAO (COD_TRIBUNAL_JUIZO,SEQ_UNIDADE_FEDERACAO) values ('5192','21');
Insert into AUTUACAO.TRIBUNAL_JUIZO_ATUACAO (COD_TRIBUNAL_JUIZO,SEQ_UNIDADE_FEDERACAO) values ('5192','22');
Insert into AUTUACAO.TRIBUNAL_JUIZO_ATUACAO (COD_TRIBUNAL_JUIZO,SEQ_UNIDADE_FEDERACAO) values ('5192','24');
Insert into AUTUACAO.TRIBUNAL_JUIZO_ATUACAO (COD_TRIBUNAL_JUIZO,SEQ_UNIDADE_FEDERACAO) values ('5192','26');
Insert into AUTUACAO.TRIBUNAL_JUIZO_ATUACAO (COD_TRIBUNAL_JUIZO,SEQ_UNIDADE_FEDERACAO) values ('5192','25');
Insert into AUTUACAO.TRIBUNAL_JUIZO_ATUACAO (COD_TRIBUNAL_JUIZO,SEQ_UNIDADE_FEDERACAO) values ('5192','27');
Insert into AUTUACAO.TRIBUNAL_JUIZO_ATUACAO (COD_TRIBUNAL_JUIZO,SEQ_UNIDADE_FEDERACAO) values ('6685','1');
Insert into AUTUACAO.TRIBUNAL_JUIZO_ATUACAO (COD_TRIBUNAL_JUIZO,SEQ_UNIDADE_FEDERACAO) values ('6685','2');
Insert into AUTUACAO.TRIBUNAL_JUIZO_ATUACAO (COD_TRIBUNAL_JUIZO,SEQ_UNIDADE_FEDERACAO) values ('6685','4');
Insert into AUTUACAO.TRIBUNAL_JUIZO_ATUACAO (COD_TRIBUNAL_JUIZO,SEQ_UNIDADE_FEDERACAO) values ('6685','19');
Insert into AUTUACAO.TRIBUNAL_JUIZO_ATUACAO (COD_TRIBUNAL_JUIZO,SEQ_UNIDADE_FEDERACAO) values ('6685','3');
Insert into AUTUACAO.TRIBUNAL_JUIZO_ATUACAO (COD_TRIBUNAL_JUIZO,SEQ_UNIDADE_FEDERACAO) values ('6685','5');
Insert into AUTUACAO.TRIBUNAL_JUIZO_ATUACAO (COD_TRIBUNAL_JUIZO,SEQ_UNIDADE_FEDERACAO) values ('6685','6');
Insert into AUTUACAO.TRIBUNAL_JUIZO_ATUACAO (COD_TRIBUNAL_JUIZO,SEQ_UNIDADE_FEDERACAO) values ('6685','7');
Insert into AUTUACAO.TRIBUNAL_JUIZO_ATUACAO (COD_TRIBUNAL_JUIZO,SEQ_UNIDADE_FEDERACAO) values ('6685','8');
Insert into AUTUACAO.TRIBUNAL_JUIZO_ATUACAO (COD_TRIBUNAL_JUIZO,SEQ_UNIDADE_FEDERACAO) values ('6685','9');
Insert into AUTUACAO.TRIBUNAL_JUIZO_ATUACAO (COD_TRIBUNAL_JUIZO,SEQ_UNIDADE_FEDERACAO) values ('6685','10');
Insert into AUTUACAO.TRIBUNAL_JUIZO_ATUACAO (COD_TRIBUNAL_JUIZO,SEQ_UNIDADE_FEDERACAO) values ('6685','13');
Insert into AUTUACAO.TRIBUNAL_JUIZO_ATUACAO (COD_TRIBUNAL_JUIZO,SEQ_UNIDADE_FEDERACAO) values ('6685','12');
Insert into AUTUACAO.TRIBUNAL_JUIZO_ATUACAO (COD_TRIBUNAL_JUIZO,SEQ_UNIDADE_FEDERACAO) values ('6685','11');
Insert into AUTUACAO.TRIBUNAL_JUIZO_ATUACAO (COD_TRIBUNAL_JUIZO,SEQ_UNIDADE_FEDERACAO) values ('6685','14');
Insert into AUTUACAO.TRIBUNAL_JUIZO_ATUACAO (COD_TRIBUNAL_JUIZO,SEQ_UNIDADE_FEDERACAO) values ('6685','15');
Insert into AUTUACAO.TRIBUNAL_JUIZO_ATUACAO (COD_TRIBUNAL_JUIZO,SEQ_UNIDADE_FEDERACAO) values ('6685','18');
Insert into AUTUACAO.TRIBUNAL_JUIZO_ATUACAO (COD_TRIBUNAL_JUIZO,SEQ_UNIDADE_FEDERACAO) values ('6685','16');
Insert into AUTUACAO.TRIBUNAL_JUIZO_ATUACAO (COD_TRIBUNAL_JUIZO,SEQ_UNIDADE_FEDERACAO) values ('6685','17');
Insert into AUTUACAO.TRIBUNAL_JUIZO_ATUACAO (COD_TRIBUNAL_JUIZO,SEQ_UNIDADE_FEDERACAO) values ('6685','20');
Insert into AUTUACAO.TRIBUNAL_JUIZO_ATUACAO (COD_TRIBUNAL_JUIZO,SEQ_UNIDADE_FEDERACAO) values ('6685','23');
Insert into AUTUACAO.TRIBUNAL_JUIZO_ATUACAO (COD_TRIBUNAL_JUIZO,SEQ_UNIDADE_FEDERACAO) values ('6685','21');
Insert into AUTUACAO.TRIBUNAL_JUIZO_ATUACAO (COD_TRIBUNAL_JUIZO,SEQ_UNIDADE_FEDERACAO) values ('6685','22');
Insert into AUTUACAO.TRIBUNAL_JUIZO_ATUACAO (COD_TRIBUNAL_JUIZO,SEQ_UNIDADE_FEDERACAO) values ('6685','24');
Insert into AUTUACAO.TRIBUNAL_JUIZO_ATUACAO (COD_TRIBUNAL_JUIZO,SEQ_UNIDADE_FEDERACAO) values ('6685','26');
Insert into AUTUACAO.TRIBUNAL_JUIZO_ATUACAO (COD_TRIBUNAL_JUIZO,SEQ_UNIDADE_FEDERACAO) values ('6685','25');
Insert into AUTUACAO.TRIBUNAL_JUIZO_ATUACAO (COD_TRIBUNAL_JUIZO,SEQ_UNIDADE_FEDERACAO) values ('6685','27');
Insert into AUTUACAO.TRIBUNAL_JUIZO_ATUACAO (COD_TRIBUNAL_JUIZO,SEQ_UNIDADE_FEDERACAO) values ('8016','1');
Insert into AUTUACAO.TRIBUNAL_JUIZO_ATUACAO (COD_TRIBUNAL_JUIZO,SEQ_UNIDADE_FEDERACAO) values ('8016','2');
Insert into AUTUACAO.TRIBUNAL_JUIZO_ATUACAO (COD_TRIBUNAL_JUIZO,SEQ_UNIDADE_FEDERACAO) values ('8016','4');
Insert into AUTUACAO.TRIBUNAL_JUIZO_ATUACAO (COD_TRIBUNAL_JUIZO,SEQ_UNIDADE_FEDERACAO) values ('8016','19');
Insert into AUTUACAO.TRIBUNAL_JUIZO_ATUACAO (COD_TRIBUNAL_JUIZO,SEQ_UNIDADE_FEDERACAO) values ('8016','3');
Insert into AUTUACAO.TRIBUNAL_JUIZO_ATUACAO (COD_TRIBUNAL_JUIZO,SEQ_UNIDADE_FEDERACAO) values ('8016','5');
Insert into AUTUACAO.TRIBUNAL_JUIZO_ATUACAO (COD_TRIBUNAL_JUIZO,SEQ_UNIDADE_FEDERACAO) values ('8016','6');
Insert into AUTUACAO.TRIBUNAL_JUIZO_ATUACAO (COD_TRIBUNAL_JUIZO,SEQ_UNIDADE_FEDERACAO) values ('8016','7');
Insert into AUTUACAO.TRIBUNAL_JUIZO_ATUACAO (COD_TRIBUNAL_JUIZO,SEQ_UNIDADE_FEDERACAO) values ('8016','8');
Insert into AUTUACAO.TRIBUNAL_JUIZO_ATUACAO (COD_TRIBUNAL_JUIZO,SEQ_UNIDADE_FEDERACAO) values ('8016','9');
Insert into AUTUACAO.TRIBUNAL_JUIZO_ATUACAO (COD_TRIBUNAL_JUIZO,SEQ_UNIDADE_FEDERACAO) values ('8016','10');
Insert into AUTUACAO.TRIBUNAL_JUIZO_ATUACAO (COD_TRIBUNAL_JUIZO,SEQ_UNIDADE_FEDERACAO) values ('8016','13');
Insert into AUTUACAO.TRIBUNAL_JUIZO_ATUACAO (COD_TRIBUNAL_JUIZO,SEQ_UNIDADE_FEDERACAO) values ('8016','12');
Insert into AUTUACAO.TRIBUNAL_JUIZO_ATUACAO (COD_TRIBUNAL_JUIZO,SEQ_UNIDADE_FEDERACAO) values ('8016','11');
Insert into AUTUACAO.TRIBUNAL_JUIZO_ATUACAO (COD_TRIBUNAL_JUIZO,SEQ_UNIDADE_FEDERACAO) values ('8016','14');
Insert into AUTUACAO.TRIBUNAL_JUIZO_ATUACAO (COD_TRIBUNAL_JUIZO,SEQ_UNIDADE_FEDERACAO) values ('8016','15');
Insert into AUTUACAO.TRIBUNAL_JUIZO_ATUACAO (COD_TRIBUNAL_JUIZO,SEQ_UNIDADE_FEDERACAO) values ('8016','18');
Insert into AUTUACAO.TRIBUNAL_JUIZO_ATUACAO (COD_TRIBUNAL_JUIZO,SEQ_UNIDADE_FEDERACAO) values ('8016','16');
Insert into AUTUACAO.TRIBUNAL_JUIZO_ATUACAO (COD_TRIBUNAL_JUIZO,SEQ_UNIDADE_FEDERACAO) values ('8016','17');
Insert into AUTUACAO.TRIBUNAL_JUIZO_ATUACAO (COD_TRIBUNAL_JUIZO,SEQ_UNIDADE_FEDERACAO) values ('8016','20');
Insert into AUTUACAO.TRIBUNAL_JUIZO_ATUACAO (COD_TRIBUNAL_JUIZO,SEQ_UNIDADE_FEDERACAO) values ('8016','23');
Insert into AUTUACAO.TRIBUNAL_JUIZO_ATUACAO (COD_TRIBUNAL_JUIZO,SEQ_UNIDADE_FEDERACAO) values ('8016','21');
Insert into AUTUACAO.TRIBUNAL_JUIZO_ATUACAO (COD_TRIBUNAL_JUIZO,SEQ_UNIDADE_FEDERACAO) values ('8016','22');
Insert into AUTUACAO.TRIBUNAL_JUIZO_ATUACAO (COD_TRIBUNAL_JUIZO,SEQ_UNIDADE_FEDERACAO) values ('8016','24');
Insert into AUTUACAO.TRIBUNAL_JUIZO_ATUACAO (COD_TRIBUNAL_JUIZO,SEQ_UNIDADE_FEDERACAO) values ('8016','26');
Insert into AUTUACAO.TRIBUNAL_JUIZO_ATUACAO (COD_TRIBUNAL_JUIZO,SEQ_UNIDADE_FEDERACAO) values ('8016','25');
Insert into AUTUACAO.TRIBUNAL_JUIZO_ATUACAO (COD_TRIBUNAL_JUIZO,SEQ_UNIDADE_FEDERACAO) values ('8016','27');
Insert into AUTUACAO.TRIBUNAL_JUIZO_ATUACAO (COD_TRIBUNAL_JUIZO,SEQ_UNIDADE_FEDERACAO) values ('4049','1');
Insert into AUTUACAO.TRIBUNAL_JUIZO_ATUACAO (COD_TRIBUNAL_JUIZO,SEQ_UNIDADE_FEDERACAO) values ('4049','4');
Insert into AUTUACAO.TRIBUNAL_JUIZO_ATUACAO (COD_TRIBUNAL_JUIZO,SEQ_UNIDADE_FEDERACAO) values ('4049','3');
Insert into AUTUACAO.TRIBUNAL_JUIZO_ATUACAO (COD_TRIBUNAL_JUIZO,SEQ_UNIDADE_FEDERACAO) values ('4049','5');
Insert into AUTUACAO.TRIBUNAL_JUIZO_ATUACAO (COD_TRIBUNAL_JUIZO,SEQ_UNIDADE_FEDERACAO) values ('4049','7');
Insert into AUTUACAO.TRIBUNAL_JUIZO_ATUACAO (COD_TRIBUNAL_JUIZO,SEQ_UNIDADE_FEDERACAO) values ('4049','9');
Insert into AUTUACAO.TRIBUNAL_JUIZO_ATUACAO (COD_TRIBUNAL_JUIZO,SEQ_UNIDADE_FEDERACAO) values ('4049','10');
Insert into AUTUACAO.TRIBUNAL_JUIZO_ATUACAO (COD_TRIBUNAL_JUIZO,SEQ_UNIDADE_FEDERACAO) values ('4049','13');
Insert into AUTUACAO.TRIBUNAL_JUIZO_ATUACAO (COD_TRIBUNAL_JUIZO,SEQ_UNIDADE_FEDERACAO) values ('4049','11');
Insert into AUTUACAO.TRIBUNAL_JUIZO_ATUACAO (COD_TRIBUNAL_JUIZO,SEQ_UNIDADE_FEDERACAO) values ('4049','14');
Insert into AUTUACAO.TRIBUNAL_JUIZO_ATUACAO (COD_TRIBUNAL_JUIZO,SEQ_UNIDADE_FEDERACAO) values ('4049','17');
Insert into AUTUACAO.TRIBUNAL_JUIZO_ATUACAO (COD_TRIBUNAL_JUIZO,SEQ_UNIDADE_FEDERACAO) values ('4049','21');
Insert into AUTUACAO.TRIBUNAL_JUIZO_ATUACAO (COD_TRIBUNAL_JUIZO,SEQ_UNIDADE_FEDERACAO) values ('4049','22');
Insert into AUTUACAO.TRIBUNAL_JUIZO_ATUACAO (COD_TRIBUNAL_JUIZO,SEQ_UNIDADE_FEDERACAO) values ('4049','27');
Insert into AUTUACAO.TRIBUNAL_JUIZO_ATUACAO (COD_TRIBUNAL_JUIZO,SEQ_UNIDADE_FEDERACAO) values ('4050','18');
Insert into AUTUACAO.TRIBUNAL_JUIZO_ATUACAO (COD_TRIBUNAL_JUIZO,SEQ_UNIDADE_FEDERACAO) values ('4050','23');
Insert into AUTUACAO.TRIBUNAL_JUIZO_ATUACAO (COD_TRIBUNAL_JUIZO,SEQ_UNIDADE_FEDERACAO) values ('4050','24');
Insert into AUTUACAO.TRIBUNAL_JUIZO_ATUACAO (COD_TRIBUNAL_JUIZO,SEQ_UNIDADE_FEDERACAO) values ('4051','2');
Insert into AUTUACAO.TRIBUNAL_JUIZO_ATUACAO (COD_TRIBUNAL_JUIZO,SEQ_UNIDADE_FEDERACAO) values ('4051','6');
Insert into AUTUACAO.TRIBUNAL_JUIZO_ATUACAO (COD_TRIBUNAL_JUIZO,SEQ_UNIDADE_FEDERACAO) values ('4051','15');
Insert into AUTUACAO.TRIBUNAL_JUIZO_ATUACAO (COD_TRIBUNAL_JUIZO,SEQ_UNIDADE_FEDERACAO) values ('4051','16');
Insert into AUTUACAO.TRIBUNAL_JUIZO_ATUACAO (COD_TRIBUNAL_JUIZO,SEQ_UNIDADE_FEDERACAO) values ('4051','20');
Insert into AUTUACAO.TRIBUNAL_JUIZO_ATUACAO (COD_TRIBUNAL_JUIZO,SEQ_UNIDADE_FEDERACAO) values ('4051','25');
Insert into AUTUACAO.TRIBUNAL_JUIZO_ATUACAO (COD_TRIBUNAL_JUIZO,SEQ_UNIDADE_FEDERACAO) values ('5161','1');
Insert into AUTUACAO.TRIBUNAL_JUIZO_ATUACAO (COD_TRIBUNAL_JUIZO,SEQ_UNIDADE_FEDERACAO) values ('5161','2');
Insert into AUTUACAO.TRIBUNAL_JUIZO_ATUACAO (COD_TRIBUNAL_JUIZO,SEQ_UNIDADE_FEDERACAO) values ('5161','4');
Insert into AUTUACAO.TRIBUNAL_JUIZO_ATUACAO (COD_TRIBUNAL_JUIZO,SEQ_UNIDADE_FEDERACAO) values ('5161','19');
Insert into AUTUACAO.TRIBUNAL_JUIZO_ATUACAO (COD_TRIBUNAL_JUIZO,SEQ_UNIDADE_FEDERACAO) values ('5161','3');
Insert into AUTUACAO.TRIBUNAL_JUIZO_ATUACAO (COD_TRIBUNAL_JUIZO,SEQ_UNIDADE_FEDERACAO) values ('5161','5');
Insert into AUTUACAO.TRIBUNAL_JUIZO_ATUACAO (COD_TRIBUNAL_JUIZO,SEQ_UNIDADE_FEDERACAO) values ('5161','6');
Insert into AUTUACAO.TRIBUNAL_JUIZO_ATUACAO (COD_TRIBUNAL_JUIZO,SEQ_UNIDADE_FEDERACAO) values ('5161','7');
Insert into AUTUACAO.TRIBUNAL_JUIZO_ATUACAO (COD_TRIBUNAL_JUIZO,SEQ_UNIDADE_FEDERACAO) values ('5161','8');
Insert into AUTUACAO.TRIBUNAL_JUIZO_ATUACAO (COD_TRIBUNAL_JUIZO,SEQ_UNIDADE_FEDERACAO) values ('5161','9');
Insert into AUTUACAO.TRIBUNAL_JUIZO_ATUACAO (COD_TRIBUNAL_JUIZO,SEQ_UNIDADE_FEDERACAO) values ('5161','10');
Insert into AUTUACAO.TRIBUNAL_JUIZO_ATUACAO (COD_TRIBUNAL_JUIZO,SEQ_UNIDADE_FEDERACAO) values ('5161','13');
Insert into AUTUACAO.TRIBUNAL_JUIZO_ATUACAO (COD_TRIBUNAL_JUIZO,SEQ_UNIDADE_FEDERACAO) values ('5161','12');
Insert into AUTUACAO.TRIBUNAL_JUIZO_ATUACAO (COD_TRIBUNAL_JUIZO,SEQ_UNIDADE_FEDERACAO) values ('5161','11');
Insert into AUTUACAO.TRIBUNAL_JUIZO_ATUACAO (COD_TRIBUNAL_JUIZO,SEQ_UNIDADE_FEDERACAO) values ('5161','14');
Insert into AUTUACAO.TRIBUNAL_JUIZO_ATUACAO (COD_TRIBUNAL_JUIZO,SEQ_UNIDADE_FEDERACAO) values ('5161','15');
Insert into AUTUACAO.TRIBUNAL_JUIZO_ATUACAO (COD_TRIBUNAL_JUIZO,SEQ_UNIDADE_FEDERACAO) values ('5161','18');
Insert into AUTUACAO.TRIBUNAL_JUIZO_ATUACAO (COD_TRIBUNAL_JUIZO,SEQ_UNIDADE_FEDERACAO) values ('5161','16');
Insert into AUTUACAO.TRIBUNAL_JUIZO_ATUACAO (COD_TRIBUNAL_JUIZO,SEQ_UNIDADE_FEDERACAO) values ('5161','17');
Insert into AUTUACAO.TRIBUNAL_JUIZO_ATUACAO (COD_TRIBUNAL_JUIZO,SEQ_UNIDADE_FEDERACAO) values ('5161','20');
Insert into AUTUACAO.TRIBUNAL_JUIZO_ATUACAO (COD_TRIBUNAL_JUIZO,SEQ_UNIDADE_FEDERACAO) values ('5161','23');
Insert into AUTUACAO.TRIBUNAL_JUIZO_ATUACAO (COD_TRIBUNAL_JUIZO,SEQ_UNIDADE_FEDERACAO) values ('5161','21');
Insert into AUTUACAO.TRIBUNAL_JUIZO_ATUACAO (COD_TRIBUNAL_JUIZO,SEQ_UNIDADE_FEDERACAO) values ('5161','22');
Insert into AUTUACAO.TRIBUNAL_JUIZO_ATUACAO (COD_TRIBUNAL_JUIZO,SEQ_UNIDADE_FEDERACAO) values ('5161','24');
Insert into AUTUACAO.TRIBUNAL_JUIZO_ATUACAO (COD_TRIBUNAL_JUIZO,SEQ_UNIDADE_FEDERACAO) values ('5161','26');
Insert into AUTUACAO.TRIBUNAL_JUIZO_ATUACAO (COD_TRIBUNAL_JUIZO,SEQ_UNIDADE_FEDERACAO) values ('5161','25');
Insert into AUTUACAO.TRIBUNAL_JUIZO_ATUACAO (COD_TRIBUNAL_JUIZO,SEQ_UNIDADE_FEDERACAO) values ('5161','27');
Insert into AUTUACAO.TRIBUNAL_JUIZO_ATUACAO (COD_TRIBUNAL_JUIZO,SEQ_UNIDADE_FEDERACAO) values ('5171','1');
Insert into AUTUACAO.TRIBUNAL_JUIZO_ATUACAO (COD_TRIBUNAL_JUIZO,SEQ_UNIDADE_FEDERACAO) values ('5171','2');
Insert into AUTUACAO.TRIBUNAL_JUIZO_ATUACAO (COD_TRIBUNAL_JUIZO,SEQ_UNIDADE_FEDERACAO) values ('5171','4');
Insert into AUTUACAO.TRIBUNAL_JUIZO_ATUACAO (COD_TRIBUNAL_JUIZO,SEQ_UNIDADE_FEDERACAO) values ('5171','19');
Insert into AUTUACAO.TRIBUNAL_JUIZO_ATUACAO (COD_TRIBUNAL_JUIZO,SEQ_UNIDADE_FEDERACAO) values ('5171','3');
Insert into AUTUACAO.TRIBUNAL_JUIZO_ATUACAO (COD_TRIBUNAL_JUIZO,SEQ_UNIDADE_FEDERACAO) values ('5171','5');
Insert into AUTUACAO.TRIBUNAL_JUIZO_ATUACAO (COD_TRIBUNAL_JUIZO,SEQ_UNIDADE_FEDERACAO) values ('5171','6');
Insert into AUTUACAO.TRIBUNAL_JUIZO_ATUACAO (COD_TRIBUNAL_JUIZO,SEQ_UNIDADE_FEDERACAO) values ('5171','7');
Insert into AUTUACAO.TRIBUNAL_JUIZO_ATUACAO (COD_TRIBUNAL_JUIZO,SEQ_UNIDADE_FEDERACAO) values ('5171','8');
Insert into AUTUACAO.TRIBUNAL_JUIZO_ATUACAO (COD_TRIBUNAL_JUIZO,SEQ_UNIDADE_FEDERACAO) values ('5171','9');
Insert into AUTUACAO.TRIBUNAL_JUIZO_ATUACAO (COD_TRIBUNAL_JUIZO,SEQ_UNIDADE_FEDERACAO) values ('5171','10');
Insert into AUTUACAO.TRIBUNAL_JUIZO_ATUACAO (COD_TRIBUNAL_JUIZO,SEQ_UNIDADE_FEDERACAO) values ('5171','13');
Insert into AUTUACAO.TRIBUNAL_JUIZO_ATUACAO (COD_TRIBUNAL_JUIZO,SEQ_UNIDADE_FEDERACAO) values ('5171','12');
Insert into AUTUACAO.TRIBUNAL_JUIZO_ATUACAO (COD_TRIBUNAL_JUIZO,SEQ_UNIDADE_FEDERACAO) values ('5171','11');
Insert into AUTUACAO.TRIBUNAL_JUIZO_ATUACAO (COD_TRIBUNAL_JUIZO,SEQ_UNIDADE_FEDERACAO) values ('5171','14');
Insert into AUTUACAO.TRIBUNAL_JUIZO_ATUACAO (COD_TRIBUNAL_JUIZO,SEQ_UNIDADE_FEDERACAO) values ('5171','15');
Insert into AUTUACAO.TRIBUNAL_JUIZO_ATUACAO (COD_TRIBUNAL_JUIZO,SEQ_UNIDADE_FEDERACAO) values ('5171','18');
Insert into AUTUACAO.TRIBUNAL_JUIZO_ATUACAO (COD_TRIBUNAL_JUIZO,SEQ_UNIDADE_FEDERACAO) values ('5171','16');
Insert into AUTUACAO.TRIBUNAL_JUIZO_ATUACAO (COD_TRIBUNAL_JUIZO,SEQ_UNIDADE_FEDERACAO) values ('5171','17');
Insert into AUTUACAO.TRIBUNAL_JUIZO_ATUACAO (COD_TRIBUNAL_JUIZO,SEQ_UNIDADE_FEDERACAO) values ('5171','20');
Insert into AUTUACAO.TRIBUNAL_JUIZO_ATUACAO (COD_TRIBUNAL_JUIZO,SEQ_UNIDADE_FEDERACAO) values ('5171','23');
Insert into AUTUACAO.TRIBUNAL_JUIZO_ATUACAO (COD_TRIBUNAL_JUIZO,SEQ_UNIDADE_FEDERACAO) values ('5171','21');
Insert into AUTUACAO.TRIBUNAL_JUIZO_ATUACAO (COD_TRIBUNAL_JUIZO,SEQ_UNIDADE_FEDERACAO) values ('5171','22');
Insert into AUTUACAO.TRIBUNAL_JUIZO_ATUACAO (COD_TRIBUNAL_JUIZO,SEQ_UNIDADE_FEDERACAO) values ('5171','24');
Insert into AUTUACAO.TRIBUNAL_JUIZO_ATUACAO (COD_TRIBUNAL_JUIZO,SEQ_UNIDADE_FEDERACAO) values ('5171','26');
Insert into AUTUACAO.TRIBUNAL_JUIZO_ATUACAO (COD_TRIBUNAL_JUIZO,SEQ_UNIDADE_FEDERACAO) values ('5171','25');
Insert into AUTUACAO.TRIBUNAL_JUIZO_ATUACAO (COD_TRIBUNAL_JUIZO,SEQ_UNIDADE_FEDERACAO) values ('5171','27');
Insert into AUTUACAO.TRIBUNAL_JUIZO_ATUACAO (COD_TRIBUNAL_JUIZO,SEQ_UNIDADE_FEDERACAO) values ('5175','1');
Insert into AUTUACAO.TRIBUNAL_JUIZO_ATUACAO (COD_TRIBUNAL_JUIZO,SEQ_UNIDADE_FEDERACAO) values ('5175','2');
Insert into AUTUACAO.TRIBUNAL_JUIZO_ATUACAO (COD_TRIBUNAL_JUIZO,SEQ_UNIDADE_FEDERACAO) values ('5175','4');
Insert into AUTUACAO.TRIBUNAL_JUIZO_ATUACAO (COD_TRIBUNAL_JUIZO,SEQ_UNIDADE_FEDERACAO) values ('5175','19');
Insert into AUTUACAO.TRIBUNAL_JUIZO_ATUACAO (COD_TRIBUNAL_JUIZO,SEQ_UNIDADE_FEDERACAO) values ('5175','3');
Insert into AUTUACAO.TRIBUNAL_JUIZO_ATUACAO (COD_TRIBUNAL_JUIZO,SEQ_UNIDADE_FEDERACAO) values ('5175','5');
Insert into AUTUACAO.TRIBUNAL_JUIZO_ATUACAO (COD_TRIBUNAL_JUIZO,SEQ_UNIDADE_FEDERACAO) values ('5175','6');
Insert into AUTUACAO.TRIBUNAL_JUIZO_ATUACAO (COD_TRIBUNAL_JUIZO,SEQ_UNIDADE_FEDERACAO) values ('5175','7');
Insert into AUTUACAO.TRIBUNAL_JUIZO_ATUACAO (COD_TRIBUNAL_JUIZO,SEQ_UNIDADE_FEDERACAO) values ('5175','8');
Insert into AUTUACAO.TRIBUNAL_JUIZO_ATUACAO (COD_TRIBUNAL_JUIZO,SEQ_UNIDADE_FEDERACAO) values ('5175','9');
Insert into AUTUACAO.TRIBUNAL_JUIZO_ATUACAO (COD_TRIBUNAL_JUIZO,SEQ_UNIDADE_FEDERACAO) values ('5175','10');
Insert into AUTUACAO.TRIBUNAL_JUIZO_ATUACAO (COD_TRIBUNAL_JUIZO,SEQ_UNIDADE_FEDERACAO) values ('5175','13');
Insert into AUTUACAO.TRIBUNAL_JUIZO_ATUACAO (COD_TRIBUNAL_JUIZO,SEQ_UNIDADE_FEDERACAO) values ('5175','12');
Insert into AUTUACAO.TRIBUNAL_JUIZO_ATUACAO (COD_TRIBUNAL_JUIZO,SEQ_UNIDADE_FEDERACAO) values ('5175','11');
Insert into AUTUACAO.TRIBUNAL_JUIZO_ATUACAO (COD_TRIBUNAL_JUIZO,SEQ_UNIDADE_FEDERACAO) values ('5175','14');
Insert into AUTUACAO.TRIBUNAL_JUIZO_ATUACAO (COD_TRIBUNAL_JUIZO,SEQ_UNIDADE_FEDERACAO) values ('5175','15');
Insert into AUTUACAO.TRIBUNAL_JUIZO_ATUACAO (COD_TRIBUNAL_JUIZO,SEQ_UNIDADE_FEDERACAO) values ('5175','18');
Insert into AUTUACAO.TRIBUNAL_JUIZO_ATUACAO (COD_TRIBUNAL_JUIZO,SEQ_UNIDADE_FEDERACAO) values ('5175','16');
Insert into AUTUACAO.TRIBUNAL_JUIZO_ATUACAO (COD_TRIBUNAL_JUIZO,SEQ_UNIDADE_FEDERACAO) values ('5175','17');
Insert into AUTUACAO.TRIBUNAL_JUIZO_ATUACAO (COD_TRIBUNAL_JUIZO,SEQ_UNIDADE_FEDERACAO) values ('5175','20');
Insert into AUTUACAO.TRIBUNAL_JUIZO_ATUACAO (COD_TRIBUNAL_JUIZO,SEQ_UNIDADE_FEDERACAO) values ('5175','23');
Insert into AUTUACAO.TRIBUNAL_JUIZO_ATUACAO (COD_TRIBUNAL_JUIZO,SEQ_UNIDADE_FEDERACAO) values ('5175','21');
Insert into AUTUACAO.TRIBUNAL_JUIZO_ATUACAO (COD_TRIBUNAL_JUIZO,SEQ_UNIDADE_FEDERACAO) values ('5175','22');
Insert into AUTUACAO.TRIBUNAL_JUIZO_ATUACAO (COD_TRIBUNAL_JUIZO,SEQ_UNIDADE_FEDERACAO) values ('5175','24');
Insert into AUTUACAO.TRIBUNAL_JUIZO_ATUACAO (COD_TRIBUNAL_JUIZO,SEQ_UNIDADE_FEDERACAO) values ('5175','26');
Insert into AUTUACAO.TRIBUNAL_JUIZO_ATUACAO (COD_TRIBUNAL_JUIZO,SEQ_UNIDADE_FEDERACAO) values ('5175','25');
Insert into AUTUACAO.TRIBUNAL_JUIZO_ATUACAO (COD_TRIBUNAL_JUIZO,SEQ_UNIDADE_FEDERACAO) values ('5175','27');
Insert into AUTUACAO.TRIBUNAL_JUIZO_ATUACAO (COD_TRIBUNAL_JUIZO,SEQ_UNIDADE_FEDERACAO) values ('5177','1');
Insert into AUTUACAO.TRIBUNAL_JUIZO_ATUACAO (COD_TRIBUNAL_JUIZO,SEQ_UNIDADE_FEDERACAO) values ('5177','2');
Insert into AUTUACAO.TRIBUNAL_JUIZO_ATUACAO (COD_TRIBUNAL_JUIZO,SEQ_UNIDADE_FEDERACAO) values ('5177','4');
Insert into AUTUACAO.TRIBUNAL_JUIZO_ATUACAO (COD_TRIBUNAL_JUIZO,SEQ_UNIDADE_FEDERACAO) values ('5177','19');
Insert into AUTUACAO.TRIBUNAL_JUIZO_ATUACAO (COD_TRIBUNAL_JUIZO,SEQ_UNIDADE_FEDERACAO) values ('5177','3');
Insert into AUTUACAO.TRIBUNAL_JUIZO_ATUACAO (COD_TRIBUNAL_JUIZO,SEQ_UNIDADE_FEDERACAO) values ('5177','5');
Insert into AUTUACAO.TRIBUNAL_JUIZO_ATUACAO (COD_TRIBUNAL_JUIZO,SEQ_UNIDADE_FEDERACAO) values ('5177','6');
Insert into AUTUACAO.TRIBUNAL_JUIZO_ATUACAO (COD_TRIBUNAL_JUIZO,SEQ_UNIDADE_FEDERACAO) values ('5177','7');
Insert into AUTUACAO.TRIBUNAL_JUIZO_ATUACAO (COD_TRIBUNAL_JUIZO,SEQ_UNIDADE_FEDERACAO) values ('5177','8');
Insert into AUTUACAO.TRIBUNAL_JUIZO_ATUACAO (COD_TRIBUNAL_JUIZO,SEQ_UNIDADE_FEDERACAO) values ('5177','9');
Insert into AUTUACAO.TRIBUNAL_JUIZO_ATUACAO (COD_TRIBUNAL_JUIZO,SEQ_UNIDADE_FEDERACAO) values ('5177','10');
Insert into AUTUACAO.TRIBUNAL_JUIZO_ATUACAO (COD_TRIBUNAL_JUIZO,SEQ_UNIDADE_FEDERACAO) values ('5177','13');
Insert into AUTUACAO.TRIBUNAL_JUIZO_ATUACAO (COD_TRIBUNAL_JUIZO,SEQ_UNIDADE_FEDERACAO) values ('5177','12');
Insert into AUTUACAO.TRIBUNAL_JUIZO_ATUACAO (COD_TRIBUNAL_JUIZO,SEQ_UNIDADE_FEDERACAO) values ('5177','11');
Insert into AUTUACAO.TRIBUNAL_JUIZO_ATUACAO (COD_TRIBUNAL_JUIZO,SEQ_UNIDADE_FEDERACAO) values ('5177','14');
Insert into AUTUACAO.TRIBUNAL_JUIZO_ATUACAO (COD_TRIBUNAL_JUIZO,SEQ_UNIDADE_FEDERACAO) values ('5177','15');
Insert into AUTUACAO.TRIBUNAL_JUIZO_ATUACAO (COD_TRIBUNAL_JUIZO,SEQ_UNIDADE_FEDERACAO) values ('5177','18');
Insert into AUTUACAO.TRIBUNAL_JUIZO_ATUACAO (COD_TRIBUNAL_JUIZO,SEQ_UNIDADE_FEDERACAO) values ('5177','16');
Insert into AUTUACAO.TRIBUNAL_JUIZO_ATUACAO (COD_TRIBUNAL_JUIZO,SEQ_UNIDADE_FEDERACAO) values ('5177','17');
Insert into AUTUACAO.TRIBUNAL_JUIZO_ATUACAO (COD_TRIBUNAL_JUIZO,SEQ_UNIDADE_FEDERACAO) values ('5177','20');
Insert into AUTUACAO.TRIBUNAL_JUIZO_ATUACAO (COD_TRIBUNAL_JUIZO,SEQ_UNIDADE_FEDERACAO) values ('5177','23');
Insert into AUTUACAO.TRIBUNAL_JUIZO_ATUACAO (COD_TRIBUNAL_JUIZO,SEQ_UNIDADE_FEDERACAO) values ('5177','21');
Insert into AUTUACAO.TRIBUNAL_JUIZO_ATUACAO (COD_TRIBUNAL_JUIZO,SEQ_UNIDADE_FEDERACAO) values ('5177','22');
Insert into AUTUACAO.TRIBUNAL_JUIZO_ATUACAO (COD_TRIBUNAL_JUIZO,SEQ_UNIDADE_FEDERACAO) values ('5177','24');
Insert into AUTUACAO.TRIBUNAL_JUIZO_ATUACAO (COD_TRIBUNAL_JUIZO,SEQ_UNIDADE_FEDERACAO) values ('5177','26');
Insert into AUTUACAO.TRIBUNAL_JUIZO_ATUACAO (COD_TRIBUNAL_JUIZO,SEQ_UNIDADE_FEDERACAO) values ('5177','25');
Insert into AUTUACAO.TRIBUNAL_JUIZO_ATUACAO (COD_TRIBUNAL_JUIZO,SEQ_UNIDADE_FEDERACAO) values ('5177','27');
Insert into AUTUACAO.TRIBUNAL_JUIZO_ATUACAO (COD_TRIBUNAL_JUIZO,SEQ_UNIDADE_FEDERACAO) values ('5179','1');
Insert into AUTUACAO.TRIBUNAL_JUIZO_ATUACAO (COD_TRIBUNAL_JUIZO,SEQ_UNIDADE_FEDERACAO) values ('5179','2');
Insert into AUTUACAO.TRIBUNAL_JUIZO_ATUACAO (COD_TRIBUNAL_JUIZO,SEQ_UNIDADE_FEDERACAO) values ('5179','4');
Insert into AUTUACAO.TRIBUNAL_JUIZO_ATUACAO (COD_TRIBUNAL_JUIZO,SEQ_UNIDADE_FEDERACAO) values ('5179','19');
Insert into AUTUACAO.TRIBUNAL_JUIZO_ATUACAO (COD_TRIBUNAL_JUIZO,SEQ_UNIDADE_FEDERACAO) values ('5179','3');
Insert into AUTUACAO.TRIBUNAL_JUIZO_ATUACAO (COD_TRIBUNAL_JUIZO,SEQ_UNIDADE_FEDERACAO) values ('5179','5');
Insert into AUTUACAO.TRIBUNAL_JUIZO_ATUACAO (COD_TRIBUNAL_JUIZO,SEQ_UNIDADE_FEDERACAO) values ('5179','6');
Insert into AUTUACAO.TRIBUNAL_JUIZO_ATUACAO (COD_TRIBUNAL_JUIZO,SEQ_UNIDADE_FEDERACAO) values ('5179','7');
Insert into AUTUACAO.TRIBUNAL_JUIZO_ATUACAO (COD_TRIBUNAL_JUIZO,SEQ_UNIDADE_FEDERACAO) values ('5179','8');
Insert into AUTUACAO.TRIBUNAL_JUIZO_ATUACAO (COD_TRIBUNAL_JUIZO,SEQ_UNIDADE_FEDERACAO) values ('5179','9');
Insert into AUTUACAO.TRIBUNAL_JUIZO_ATUACAO (COD_TRIBUNAL_JUIZO,SEQ_UNIDADE_FEDERACAO) values ('5179','10');
Insert into AUTUACAO.TRIBUNAL_JUIZO_ATUACAO (COD_TRIBUNAL_JUIZO,SEQ_UNIDADE_FEDERACAO) values ('5179','13');
Insert into AUTUACAO.TRIBUNAL_JUIZO_ATUACAO (COD_TRIBUNAL_JUIZO,SEQ_UNIDADE_FEDERACAO) values ('5179','12');
Insert into AUTUACAO.TRIBUNAL_JUIZO_ATUACAO (COD_TRIBUNAL_JUIZO,SEQ_UNIDADE_FEDERACAO) values ('5179','11');
Insert into AUTUACAO.TRIBUNAL_JUIZO_ATUACAO (COD_TRIBUNAL_JUIZO,SEQ_UNIDADE_FEDERACAO) values ('5179','14');
Insert into AUTUACAO.TRIBUNAL_JUIZO_ATUACAO (COD_TRIBUNAL_JUIZO,SEQ_UNIDADE_FEDERACAO) values ('5179','15');
Insert into AUTUACAO.TRIBUNAL_JUIZO_ATUACAO (COD_TRIBUNAL_JUIZO,SEQ_UNIDADE_FEDERACAO) values ('5179','18');
Insert into AUTUACAO.TRIBUNAL_JUIZO_ATUACAO (COD_TRIBUNAL_JUIZO,SEQ_UNIDADE_FEDERACAO) values ('5179','16');
Insert into AUTUACAO.TRIBUNAL_JUIZO_ATUACAO (COD_TRIBUNAL_JUIZO,SEQ_UNIDADE_FEDERACAO) values ('5179','17');
Insert into AUTUACAO.TRIBUNAL_JUIZO_ATUACAO (COD_TRIBUNAL_JUIZO,SEQ_UNIDADE_FEDERACAO) values ('5179','20');
Insert into AUTUACAO.TRIBUNAL_JUIZO_ATUACAO (COD_TRIBUNAL_JUIZO,SEQ_UNIDADE_FEDERACAO) values ('5179','23');
Insert into AUTUACAO.TRIBUNAL_JUIZO_ATUACAO (COD_TRIBUNAL_JUIZO,SEQ_UNIDADE_FEDERACAO) values ('5179','21');
Insert into AUTUACAO.TRIBUNAL_JUIZO_ATUACAO (COD_TRIBUNAL_JUIZO,SEQ_UNIDADE_FEDERACAO) values ('5179','22');
Insert into AUTUACAO.TRIBUNAL_JUIZO_ATUACAO (COD_TRIBUNAL_JUIZO,SEQ_UNIDADE_FEDERACAO) values ('5179','24');
Insert into AUTUACAO.TRIBUNAL_JUIZO_ATUACAO (COD_TRIBUNAL_JUIZO,SEQ_UNIDADE_FEDERACAO) values ('5179','26');
Insert into AUTUACAO.TRIBUNAL_JUIZO_ATUACAO (COD_TRIBUNAL_JUIZO,SEQ_UNIDADE_FEDERACAO) values ('5179','25');
Insert into AUTUACAO.TRIBUNAL_JUIZO_ATUACAO (COD_TRIBUNAL_JUIZO,SEQ_UNIDADE_FEDERACAO) values ('5179','27');
Insert into AUTUACAO.TRIBUNAL_JUIZO_ATUACAO (COD_TRIBUNAL_JUIZO,SEQ_UNIDADE_FEDERACAO) values ('5184','1');
Insert into AUTUACAO.TRIBUNAL_JUIZO_ATUACAO (COD_TRIBUNAL_JUIZO,SEQ_UNIDADE_FEDERACAO) values ('5184','2');
Insert into AUTUACAO.TRIBUNAL_JUIZO_ATUACAO (COD_TRIBUNAL_JUIZO,SEQ_UNIDADE_FEDERACAO) values ('5184','4');
Insert into AUTUACAO.TRIBUNAL_JUIZO_ATUACAO (COD_TRIBUNAL_JUIZO,SEQ_UNIDADE_FEDERACAO) values ('5184','19');
Insert into AUTUACAO.TRIBUNAL_JUIZO_ATUACAO (COD_TRIBUNAL_JUIZO,SEQ_UNIDADE_FEDERACAO) values ('5184','3');
Insert into AUTUACAO.TRIBUNAL_JUIZO_ATUACAO (COD_TRIBUNAL_JUIZO,SEQ_UNIDADE_FEDERACAO) values ('5184','5');
Insert into AUTUACAO.TRIBUNAL_JUIZO_ATUACAO (COD_TRIBUNAL_JUIZO,SEQ_UNIDADE_FEDERACAO) values ('5184','6');
Insert into AUTUACAO.TRIBUNAL_JUIZO_ATUACAO (COD_TRIBUNAL_JUIZO,SEQ_UNIDADE_FEDERACAO) values ('5184','7');
Insert into AUTUACAO.TRIBUNAL_JUIZO_ATUACAO (COD_TRIBUNAL_JUIZO,SEQ_UNIDADE_FEDERACAO) values ('5184','8');
Insert into AUTUACAO.TRIBUNAL_JUIZO_ATUACAO (COD_TRIBUNAL_JUIZO,SEQ_UNIDADE_FEDERACAO) values ('5184','9');
Insert into AUTUACAO.TRIBUNAL_JUIZO_ATUACAO (COD_TRIBUNAL_JUIZO,SEQ_UNIDADE_FEDERACAO) values ('5184','10');
Insert into AUTUACAO.TRIBUNAL_JUIZO_ATUACAO (COD_TRIBUNAL_JUIZO,SEQ_UNIDADE_FEDERACAO) values ('5184','13');
Insert into AUTUACAO.TRIBUNAL_JUIZO_ATUACAO (COD_TRIBUNAL_JUIZO,SEQ_UNIDADE_FEDERACAO) values ('5184','12');
Insert into AUTUACAO.TRIBUNAL_JUIZO_ATUACAO (COD_TRIBUNAL_JUIZO,SEQ_UNIDADE_FEDERACAO) values ('5184','11');
Insert into AUTUACAO.TRIBUNAL_JUIZO_ATUACAO (COD_TRIBUNAL_JUIZO,SEQ_UNIDADE_FEDERACAO) values ('5184','14');
Insert into AUTUACAO.TRIBUNAL_JUIZO_ATUACAO (COD_TRIBUNAL_JUIZO,SEQ_UNIDADE_FEDERACAO) values ('5184','15');
Insert into AUTUACAO.TRIBUNAL_JUIZO_ATUACAO (COD_TRIBUNAL_JUIZO,SEQ_UNIDADE_FEDERACAO) values ('5184','18');
Insert into AUTUACAO.TRIBUNAL_JUIZO_ATUACAO (COD_TRIBUNAL_JUIZO,SEQ_UNIDADE_FEDERACAO) values ('5184','16');
Insert into AUTUACAO.TRIBUNAL_JUIZO_ATUACAO (COD_TRIBUNAL_JUIZO,SEQ_UNIDADE_FEDERACAO) values ('5184','17');
Insert into AUTUACAO.TRIBUNAL_JUIZO_ATUACAO (COD_TRIBUNAL_JUIZO,SEQ_UNIDADE_FEDERACAO) values ('5184','20');
Insert into AUTUACAO.TRIBUNAL_JUIZO_ATUACAO (COD_TRIBUNAL_JUIZO,SEQ_UNIDADE_FEDERACAO) values ('5184','23');
Insert into AUTUACAO.TRIBUNAL_JUIZO_ATUACAO (COD_TRIBUNAL_JUIZO,SEQ_UNIDADE_FEDERACAO) values ('5184','21');
Insert into AUTUACAO.TRIBUNAL_JUIZO_ATUACAO (COD_TRIBUNAL_JUIZO,SEQ_UNIDADE_FEDERACAO) values ('5184','22');
Insert into AUTUACAO.TRIBUNAL_JUIZO_ATUACAO (COD_TRIBUNAL_JUIZO,SEQ_UNIDADE_FEDERACAO) values ('5184','24');
Insert into AUTUACAO.TRIBUNAL_JUIZO_ATUACAO (COD_TRIBUNAL_JUIZO,SEQ_UNIDADE_FEDERACAO) values ('5184','26');
Insert into AUTUACAO.TRIBUNAL_JUIZO_ATUACAO (COD_TRIBUNAL_JUIZO,SEQ_UNIDADE_FEDERACAO) values ('5184','25');

-- SELECT cod_motivo_inaptidao, dsc_motivo_inaptidao FROM judiciario.motivo_inaptidao;
Insert into AUTUACAO.MOTIVO_INAPTIDAO (COD_MOTIVO_INAPTIDAO,DSC_MOTIVO_INAPTIDAO) values ('2','Ausência de preliminar formal de repercussão geral');
Insert into AUTUACAO.MOTIVO_INAPTIDAO (COD_MOTIVO_INAPTIDAO,DSC_MOTIVO_INAPTIDAO) values ('3','Decisão agravada com base na sistemática da repercussão geral (art. 543-B, CPC)');
Insert into AUTUACAO.MOTIVO_INAPTIDAO (COD_MOTIVO_INAPTIDAO,DSC_MOTIVO_INAPTIDAO) values ('4','Intempestividade do agravo');
Insert into AUTUACAO.MOTIVO_INAPTIDAO (COD_MOTIVO_INAPTIDAO,DSC_MOTIVO_INAPTIDAO) values ('5','Intempestividade do recurso extraordinário');
Insert into AUTUACAO.MOTIVO_INAPTIDAO (COD_MOTIVO_INAPTIDAO,DSC_MOTIVO_INAPTIDAO) values ('9','Outro');
Insert into AUTUACAO.MOTIVO_INAPTIDAO (COD_MOTIVO_INAPTIDAO,DSC_MOTIVO_INAPTIDAO) values ('6','Recurso extraordinário contra decisão monocrática');
Insert into AUTUACAO.MOTIVO_INAPTIDAO (COD_MOTIVO_INAPTIDAO,DSC_MOTIVO_INAPTIDAO) values ('7','Recurso extraordinário julgado deserto na origem');
Insert into AUTUACAO.MOTIVO_INAPTIDAO (COD_MOTIVO_INAPTIDAO,DSC_MOTIVO_INAPTIDAO) values ('8','Supressão de instância');